compound,media_name,negative,neutral,positive,tweet_text
-0.3612,BBC,0.719,0.19,0.092,Facebook takes out full-page newspaper ads to apologize for data privacy scandal https://t.co/ZKlVJVLeK6
-0.4767,BBC,0.78,0.22,0.0,RT @Ioonagay: bbc staff trying to film the heart attack mv https://t.co/55bdoS3NaX
-0.5106,BBC,0.87,0.13,0.0,"RT @OutragedMary: Every time the #BBC call the #Muslim #pedophile gangs ""Asian"" they insult every Japanese, Korean, Indian man in the UK
An‚Ä¶"
0.4939,BBC,0.476,0.167,0.357,"RT @BBC1XMusicBot: Now Playing Khalid, Normani - Love Lies @thegreatkhalid, #normani https://t.co/rJAFxnM3wC"
-0.34,BBC,0.882,0.118,0.0,"RT @CpmGray: #stopbrexit  #BBCBIAS  #bbcnews @guyverhofstadt
BBC's refusal to report thousands marching in UK yesterday scares me.
State co‚Ä¶"
0.0,BBC,1.0,0.0,0.0,"vi na internet um pequeno dicion√°rio para xingar sem perder a erudi√ß√£o, feito pela BBC Brasil, agora me aguentem!"
0.0,BBC,1.0,0.0,0.0,"RT @bbcmundo: Thomas Phelan y Keith Young, los rescatistas murieron de c√°ncer (casi al mismo tiempo) a 16 a√±os de los ataques del 11 de sep‚Ä¶"
-0.34,BBC,0.806,0.194,0.0,RT @niku1630: The US airline pilots trained to shoot hijackers https://t.co/t6JuRI7wU7
-0.4588,BBC,0.636,0.364,0.0,Vote Leave 'broke spending limits' in Brexit referendum https://t.co/iJ5PaJRU5D
-0.6249,BBC,0.83,0.17,0.0,"RT @BBCSport: England manager Gareth Southgate says the nation shouldn't ""keep pointing the finger at Russia about racism"" when ""there are‚Ä¶"
-0.3612,BBC,0.719,0.19,0.092,Facebook takes out full-page newspaper ads to apologize for data privacy scandal https://t.co/ZKlVJVLeK6
-0.4767,BBC,0.78,0.22,0.0,RT @Ioonagay: bbc staff trying to film the heart attack mv https://t.co/55bdoS3NaX
-0.5106,BBC,0.87,0.13,0.0,"RT @OutragedMary: Every time the #BBC call the #Muslim #pedophile gangs ""Asian"" they insult every Japanese, Korean, Indian man in the UK
An‚Ä¶"
0.4939,BBC,0.476,0.167,0.357,"RT @BBC1XMusicBot: Now Playing Khalid, Normani - Love Lies @thegreatkhalid, #normani https://t.co/rJAFxnM3wC"
-0.34,BBC,0.882,0.118,0.0,"RT @CpmGray: #stopbrexit  #BBCBIAS  #bbcnews @guyverhofstadt
BBC's refusal to report thousands marching in UK yesterday scares me.
State co‚Ä¶"
0.0,BBC,1.0,0.0,0.0,"vi na internet um pequeno dicion√°rio para xingar sem perder a erudi√ß√£o, feito pela BBC Brasil, agora me aguentem!"
0.0,BBC,1.0,0.0,0.0,"RT @bbcmundo: Thomas Phelan y Keith Young, los rescatistas murieron de c√°ncer (casi al mismo tiempo) a 16 a√±os de los ataques del 11 de sep‚Ä¶"
-0.34,BBC,0.806,0.194,0.0,RT @niku1630: The US airline pilots trained to shoot hijackers https://t.co/t6JuRI7wU7
-0.4588,BBC,0.636,0.364,0.0,Vote Leave 'broke spending limits' in Brexit referendum https://t.co/iJ5PaJRU5D
-0.6249,BBC,0.83,0.17,0.0,"RT @BBCSport: England manager Gareth Southgate says the nation shouldn't ""keep pointing the finger at Russia about racism"" when ""there are‚Ä¶"
-0.3612,BBC,0.719,0.19,0.092,Facebook takes out full-page newspaper ads to apologize for data privacy scandal https://t.co/ZKlVJVLeK6
-0.4767,BBC,0.78,0.22,0.0,RT @Ioonagay: bbc staff trying to film the heart attack mv https://t.co/55bdoS3NaX
-0.5106,BBC,0.87,0.13,0.0,"RT @OutragedMary: Every time the #BBC call the #Muslim #pedophile gangs ""Asian"" they insult every Japanese, Korean, Indian man in the UK
An‚Ä¶"
0.4939,BBC,0.476,0.167,0.357,"RT @BBC1XMusicBot: Now Playing Khalid, Normani - Love Lies @thegreatkhalid, #normani https://t.co/rJAFxnM3wC"
-0.34,BBC,0.882,0.118,0.0,"RT @CpmGray: #stopbrexit  #BBCBIAS  #bbcnews @guyverhofstadt
BBC's refusal to report thousands marching in UK yesterday scares me.
State co‚Ä¶"
0.0,BBC,1.0,0.0,0.0,"vi na internet um pequeno dicion√°rio para xingar sem perder a erudi√ß√£o, feito pela BBC Brasil, agora me aguentem!"
0.0,BBC,1.0,0.0,0.0,"RT @bbcmundo: Thomas Phelan y Keith Young, los rescatistas murieron de c√°ncer (casi al mismo tiempo) a 16 a√±os de los ataques del 11 de sep‚Ä¶"
-0.34,BBC,0.806,0.194,0.0,RT @niku1630: The US airline pilots trained to shoot hijackers https://t.co/t6JuRI7wU7
-0.4588,BBC,0.636,0.364,0.0,Vote Leave 'broke spending limits' in Brexit referendum https://t.co/iJ5PaJRU5D
-0.6249,BBC,0.83,0.17,0.0,"RT @BBCSport: England manager Gareth Southgate says the nation shouldn't ""keep pointing the finger at Russia about racism"" when ""there are‚Ä¶"
-0.3612,BBC,0.719,0.19,0.092,Facebook takes out full-page newspaper ads to apologize for data privacy scandal https://t.co/ZKlVJVLeK6
-0.4767,BBC,0.78,0.22,0.0,RT @Ioonagay: bbc staff trying to film the heart attack mv https://t.co/55bdoS3NaX
-0.5106,BBC,0.87,0.13,0.0,"RT @OutragedMary: Every time the #BBC call the #Muslim #pedophile gangs ""Asian"" they insult every Japanese, Korean, Indian man in the UK
An‚Ä¶"
0.4939,BBC,0.476,0.167,0.357,"RT @BBC1XMusicBot: Now Playing Khalid, Normani - Love Lies @thegreatkhalid, #normani https://t.co/rJAFxnM3wC"
-0.34,BBC,0.882,0.118,0.0,"RT @CpmGray: #stopbrexit  #BBCBIAS  #bbcnews @guyverhofstadt
BBC's refusal to report thousands marching in UK yesterday scares me.
State co‚Ä¶"
0.0,BBC,1.0,0.0,0.0,"vi na internet um pequeno dicion√°rio para xingar sem perder a erudi√ß√£o, feito pela BBC Brasil, agora me aguentem!"
0.0,BBC,1.0,0.0,0.0,"RT @bbcmundo: Thomas Phelan y Keith Young, los rescatistas murieron de c√°ncer (casi al mismo tiempo) a 16 a√±os de los ataques del 11 de sep‚Ä¶"
-0.34,BBC,0.806,0.194,0.0,RT @niku1630: The US airline pilots trained to shoot hijackers https://t.co/t6JuRI7wU7
-0.4588,BBC,0.636,0.364,0.0,Vote Leave 'broke spending limits' in Brexit referendum https://t.co/iJ5PaJRU5D
-0.6249,BBC,0.83,0.17,0.0,"RT @BBCSport: England manager Gareth Southgate says the nation shouldn't ""keep pointing the finger at Russia about racism"" when ""there are‚Ä¶"
-0.3612,BBC,0.719,0.19,0.092,Facebook takes out full-page newspaper ads to apologize for data privacy scandal https://t.co/ZKlVJVLeK6
-0.4767,BBC,0.78,0.22,0.0,RT @Ioonagay: bbc staff trying to film the heart attack mv https://t.co/55bdoS3NaX
-0.5106,BBC,0.87,0.13,0.0,"RT @OutragedMary: Every time the #BBC call the #Muslim #pedophile gangs ""Asian"" they insult every Japanese, Korean, Indian man in the UK
An‚Ä¶"
0.4939,BBC,0.476,0.167,0.357,"RT @BBC1XMusicBot: Now Playing Khalid, Normani - Love Lies @thegreatkhalid, #normani https://t.co/rJAFxnM3wC"
-0.34,BBC,0.882,0.118,0.0,"RT @CpmGray: #stopbrexit  #BBCBIAS  #bbcnews @guyverhofstadt
BBC's refusal to report thousands marching in UK yesterday scares me.
State co‚Ä¶"
0.0,BBC,1.0,0.0,0.0,"vi na internet um pequeno dicion√°rio para xingar sem perder a erudi√ß√£o, feito pela BBC Brasil, agora me aguentem!"
0.0,BBC,1.0,0.0,0.0,"RT @bbcmundo: Thomas Phelan y Keith Young, los rescatistas murieron de c√°ncer (casi al mismo tiempo) a 16 a√±os de los ataques del 11 de sep‚Ä¶"
-0.34,BBC,0.806,0.194,0.0,RT @niku1630: The US airline pilots trained to shoot hijackers https://t.co/t6JuRI7wU7
-0.4588,BBC,0.636,0.364,0.0,Vote Leave 'broke spending limits' in Brexit referendum https://t.co/iJ5PaJRU5D
-0.6249,BBC,0.83,0.17,0.0,"RT @BBCSport: England manager Gareth Southgate says the nation shouldn't ""keep pointing the finger at Russia about racism"" when ""there are‚Ä¶"
-0.3612,BBC,0.719,0.19,0.092,Facebook takes out full-page newspaper ads to apologize for data privacy scandal https://t.co/ZKlVJVLeK6
-0.4767,BBC,0.78,0.22,0.0,RT @Ioonagay: bbc staff trying to film the heart attack mv https://t.co/55bdoS3NaX
-0.5106,BBC,0.87,0.13,0.0,"RT @OutragedMary: Every time the #BBC call the #Muslim #pedophile gangs ""Asian"" they insult every Japanese, Korean, Indian man in the UK
An‚Ä¶"
0.4939,BBC,0.476,0.167,0.357,"RT @BBC1XMusicBot: Now Playing Khalid, Normani - Love Lies @thegreatkhalid, #normani https://t.co/rJAFxnM3wC"
-0.34,BBC,0.882,0.118,0.0,"RT @CpmGray: #stopbrexit  #BBCBIAS  #bbcnews @guyverhofstadt
BBC's refusal to report thousands marching in UK yesterday scares me.
State co‚Ä¶"
0.0,BBC,1.0,0.0,0.0,"vi na internet um pequeno dicion√°rio para xingar sem perder a erudi√ß√£o, feito pela BBC Brasil, agora me aguentem!"
0.0,BBC,1.0,0.0,0.0,"RT @bbcmundo: Thomas Phelan y Keith Young, los rescatistas murieron de c√°ncer (casi al mismo tiempo) a 16 a√±os de los ataques del 11 de sep‚Ä¶"
-0.34,BBC,0.806,0.194,0.0,RT @niku1630: The US airline pilots trained to shoot hijackers https://t.co/t6JuRI7wU7
-0.4588,BBC,0.636,0.364,0.0,Vote Leave 'broke spending limits' in Brexit referendum https://t.co/iJ5PaJRU5D
-0.6249,BBC,0.83,0.17,0.0,"RT @BBCSport: England manager Gareth Southgate says the nation shouldn't ""keep pointing the finger at Russia about racism"" when ""there are‚Ä¶"
-0.3612,BBC,0.719,0.19,0.092,Facebook takes out full-page newspaper ads to apologize for data privacy scandal https://t.co/ZKlVJVLeK6
-0.4767,BBC,0.78,0.22,0.0,RT @Ioonagay: bbc staff trying to film the heart attack mv https://t.co/55bdoS3NaX
-0.5106,BBC,0.87,0.13,0.0,"RT @OutragedMary: Every time the #BBC call the #Muslim #pedophile gangs ""Asian"" they insult every Japanese, Korean, Indian man in the UK
An‚Ä¶"
0.4939,BBC,0.476,0.167,0.357,"RT @BBC1XMusicBot: Now Playing Khalid, Normani - Love Lies @thegreatkhalid, #normani https://t.co/rJAFxnM3wC"
-0.34,BBC,0.882,0.118,0.0,"RT @CpmGray: #stopbrexit  #BBCBIAS  #bbcnews @guyverhofstadt
BBC's refusal to report thousands marching in UK yesterday scares me.
State co‚Ä¶"
0.0,BBC,1.0,0.0,0.0,"vi na internet um pequeno dicion√°rio para xingar sem perder a erudi√ß√£o, feito pela BBC Brasil, agora me aguentem!"
0.0,BBC,1.0,0.0,0.0,"RT @bbcmundo: Thomas Phelan y Keith Young, los rescatistas murieron de c√°ncer (casi al mismo tiempo) a 16 a√±os de los ataques del 11 de sep‚Ä¶"
-0.34,BBC,0.806,0.194,0.0,RT @niku1630: The US airline pilots trained to shoot hijackers https://t.co/t6JuRI7wU7
-0.4588,BBC,0.636,0.364,0.0,Vote Leave 'broke spending limits' in Brexit referendum https://t.co/iJ5PaJRU5D
-0.6249,BBC,0.83,0.17,0.0,"RT @BBCSport: England manager Gareth Southgate says the nation shouldn't ""keep pointing the finger at Russia about racism"" when ""there are‚Ä¶"
-0.3612,BBC,0.719,0.19,0.092,Facebook takes out full-page newspaper ads to apologize for data privacy scandal https://t.co/ZKlVJVLeK6
-0.4767,BBC,0.78,0.22,0.0,RT @Ioonagay: bbc staff trying to film the heart attack mv https://t.co/55bdoS3NaX
-0.5106,BBC,0.87,0.13,0.0,"RT @OutragedMary: Every time the #BBC call the #Muslim #pedophile gangs ""Asian"" they insult every Japanese, Korean, Indian man in the UK
An‚Ä¶"
0.4939,BBC,0.476,0.167,0.357,"RT @BBC1XMusicBot: Now Playing Khalid, Normani - Love Lies @thegreatkhalid, #normani https://t.co/rJAFxnM3wC"
-0.34,BBC,0.882,0.118,0.0,"RT @CpmGray: #stopbrexit  #BBCBIAS  #bbcnews @guyverhofstadt
BBC's refusal to report thousands marching in UK yesterday scares me.
State co‚Ä¶"
0.0,BBC,1.0,0.0,0.0,"vi na internet um pequeno dicion√°rio para xingar sem perder a erudi√ß√£o, feito pela BBC Brasil, agora me aguentem!"
0.0,BBC,1.0,0.0,0.0,"RT @bbcmundo: Thomas Phelan y Keith Young, los rescatistas murieron de c√°ncer (casi al mismo tiempo) a 16 a√±os de los ataques del 11 de sep‚Ä¶"
-0.34,BBC,0.806,0.194,0.0,RT @niku1630: The US airline pilots trained to shoot hijackers https://t.co/t6JuRI7wU7
-0.4588,BBC,0.636,0.364,0.0,Vote Leave 'broke spending limits' in Brexit referendum https://t.co/iJ5PaJRU5D
-0.6249,BBC,0.83,0.17,0.0,"RT @BBCSport: England manager Gareth Southgate says the nation shouldn't ""keep pointing the finger at Russia about racism"" when ""there are‚Ä¶"
-0.3612,BBC,0.719,0.19,0.092,Facebook takes out full-page newspaper ads to apologize for data privacy scandal https://t.co/ZKlVJVLeK6
-0.4767,BBC,0.78,0.22,0.0,RT @Ioonagay: bbc staff trying to film the heart attack mv https://t.co/55bdoS3NaX
-0.5106,BBC,0.87,0.13,0.0,"RT @OutragedMary: Every time the #BBC call the #Muslim #pedophile gangs ""Asian"" they insult every Japanese, Korean, Indian man in the UK
An‚Ä¶"
0.4939,BBC,0.476,0.167,0.357,"RT @BBC1XMusicBot: Now Playing Khalid, Normani - Love Lies @thegreatkhalid, #normani https://t.co/rJAFxnM3wC"
-0.34,BBC,0.882,0.118,0.0,"RT @CpmGray: #stopbrexit  #BBCBIAS  #bbcnews @guyverhofstadt
BBC's refusal to report thousands marching in UK yesterday scares me.
State co‚Ä¶"
0.0,BBC,1.0,0.0,0.0,"vi na internet um pequeno dicion√°rio para xingar sem perder a erudi√ß√£o, feito pela BBC Brasil, agora me aguentem!"
0.0,BBC,1.0,0.0,0.0,"RT @bbcmundo: Thomas Phelan y Keith Young, los rescatistas murieron de c√°ncer (casi al mismo tiempo) a 16 a√±os de los ataques del 11 de sep‚Ä¶"
-0.34,BBC,0.806,0.194,0.0,RT @niku1630: The US airline pilots trained to shoot hijackers https://t.co/t6JuRI7wU7
-0.4588,BBC,0.636,0.364,0.0,Vote Leave 'broke spending limits' in Brexit referendum https://t.co/iJ5PaJRU5D
-0.6249,BBC,0.83,0.17,0.0,"RT @BBCSport: England manager Gareth Southgate says the nation shouldn't ""keep pointing the finger at Russia about racism"" when ""there are‚Ä¶"
-0.3612,BBC,0.719,0.19,0.092,Facebook takes out full-page newspaper ads to apologize for data privacy scandal https://t.co/ZKlVJVLeK6
-0.4767,BBC,0.78,0.22,0.0,RT @Ioonagay: bbc staff trying to film the heart attack mv https://t.co/55bdoS3NaX
-0.5106,BBC,0.87,0.13,0.0,"RT @OutragedMary: Every time the #BBC call the #Muslim #pedophile gangs ""Asian"" they insult every Japanese, Korean, Indian man in the UK
An‚Ä¶"
0.4939,BBC,0.476,0.167,0.357,"RT @BBC1XMusicBot: Now Playing Khalid, Normani - Love Lies @thegreatkhalid, #normani https://t.co/rJAFxnM3wC"
-0.34,BBC,0.882,0.118,0.0,"RT @CpmGray: #stopbrexit  #BBCBIAS  #bbcnews @guyverhofstadt
BBC's refusal to report thousands marching in UK yesterday scares me.
State co‚Ä¶"
0.0,BBC,1.0,0.0,0.0,"vi na internet um pequeno dicion√°rio para xingar sem perder a erudi√ß√£o, feito pela BBC Brasil, agora me aguentem!"
0.0,BBC,1.0,0.0,0.0,"RT @bbcmundo: Thomas Phelan y Keith Young, los rescatistas murieron de c√°ncer (casi al mismo tiempo) a 16 a√±os de los ataques del 11 de sep‚Ä¶"
-0.34,BBC,0.806,0.194,0.0,RT @niku1630: The US airline pilots trained to shoot hijackers https://t.co/t6JuRI7wU7
-0.4588,BBC,0.636,0.364,0.0,Vote Leave 'broke spending limits' in Brexit referendum https://t.co/iJ5PaJRU5D
-0.6249,BBC,0.83,0.17,0.0,"RT @BBCSport: England manager Gareth Southgate says the nation shouldn't ""keep pointing the finger at Russia about racism"" when ""there are‚Ä¶"
0.0,CNN,1.0,0.0,0.0,"RT @CNN: Stormy Daniels interview adds to ""60 Minutes"" legacy of big hits https://t.co/q5LxP4G2ku https://t.co/IXtljm6IP9"
0.3182,CNN,0.909,0.0,0.091,"RT @EdKrassen: If you didn‚Äôt watch Emma Gonzalez‚Äôs 6:20 long speech at #MarchForOurLives today, please take the time to do so.  If you did,‚Ä¶"
-0.0772,CNN,0.944,0.056,0.0,RT @_Jahan: Serious question: Has @RickSantorum seen images from the slaughter at Stoneman Douglas High? What kind of CPR could have been u‚Ä¶
-0.6705,CNN,0.814,0.186,0.0,RT @Hublife: The middle east is on fire. Our allies are under attack and CNN is dedicating 60 Minutes to a busted looking porn star who may‚Ä¶
0.0,CNN,1.0,0.0,0.0,RT @RealCandaceO: Anderson Cooper really spent 60 minutes with a porn star discussing whether or not she had consensual sex 15 years ago an‚Ä¶
0.34,CNN,0.778,0.104,0.119,"RT @petefrt: Screw Stormy....

Trump could screw the Rockettes entire chorus line for all I care @cnn.... so long as he drains the swamp, b‚Ä¶"
0.0,CNN,1.0,0.0,0.0,RT @JustCallMeKourt: I can already see folks wylin with the girl in the wheel chair. üíÄ https://t.co/DGH6UVTfo0
0.0,CNN,1.0,0.0,0.0,RT @JustCallMeKourt: I can already see folks wylin with the girl in the wheel chair. üíÄ https://t.co/DGH6UVTfo0
-0.3971,CNN,0.66,0.201,0.139,"RT @NotKennyRogers: ""Let's go Duke!!!"" - Kim Jong-un, Florida Georgia Line, Iran, people who prefer Pepsi over Coke, terrorism, Joy Behar,‚Ä¶"
0.3089,CNN,0.903,0.0,0.097,"RT @WalshFreedom: I don't give a damn what thousands of children say. I was born with this right, and I will exercise this right every sing‚Ä¶"
0.0,CNN,1.0,0.0,0.0,"RT @CNN: Stormy Daniels interview adds to ""60 Minutes"" legacy of big hits https://t.co/q5LxP4G2ku https://t.co/IXtljm6IP9"
0.3182,CNN,0.909,0.0,0.091,"RT @EdKrassen: If you didn‚Äôt watch Emma Gonzalez‚Äôs 6:20 long speech at #MarchForOurLives today, please take the time to do so.  If you did,‚Ä¶"
-0.0772,CNN,0.944,0.056,0.0,RT @_Jahan: Serious question: Has @RickSantorum seen images from the slaughter at Stoneman Douglas High? What kind of CPR could have been u‚Ä¶
-0.6705,CNN,0.814,0.186,0.0,RT @Hublife: The middle east is on fire. Our allies are under attack and CNN is dedicating 60 Minutes to a busted looking porn star who may‚Ä¶
0.0,CNN,1.0,0.0,0.0,RT @RealCandaceO: Anderson Cooper really spent 60 minutes with a porn star discussing whether or not she had consensual sex 15 years ago an‚Ä¶
0.34,CNN,0.778,0.104,0.119,"RT @petefrt: Screw Stormy....

Trump could screw the Rockettes entire chorus line for all I care @cnn.... so long as he drains the swamp, b‚Ä¶"
0.0,CNN,1.0,0.0,0.0,RT @JustCallMeKourt: I can already see folks wylin with the girl in the wheel chair. üíÄ https://t.co/DGH6UVTfo0
0.0,CNN,1.0,0.0,0.0,RT @JustCallMeKourt: I can already see folks wylin with the girl in the wheel chair. üíÄ https://t.co/DGH6UVTfo0
-0.3971,CNN,0.66,0.201,0.139,"RT @NotKennyRogers: ""Let's go Duke!!!"" - Kim Jong-un, Florida Georgia Line, Iran, people who prefer Pepsi over Coke, terrorism, Joy Behar,‚Ä¶"
0.3089,CNN,0.903,0.0,0.097,"RT @WalshFreedom: I don't give a damn what thousands of children say. I was born with this right, and I will exercise this right every sing‚Ä¶"
0.0,CNN,1.0,0.0,0.0,"RT @CNN: Stormy Daniels interview adds to ""60 Minutes"" legacy of big hits https://t.co/q5LxP4G2ku https://t.co/IXtljm6IP9"
0.3182,CNN,0.909,0.0,0.091,"RT @EdKrassen: If you didn‚Äôt watch Emma Gonzalez‚Äôs 6:20 long speech at #MarchForOurLives today, please take the time to do so.  If you did,‚Ä¶"
-0.0772,CNN,0.944,0.056,0.0,RT @_Jahan: Serious question: Has @RickSantorum seen images from the slaughter at Stoneman Douglas High? What kind of CPR could have been u‚Ä¶
-0.6705,CNN,0.814,0.186,0.0,RT @Hublife: The middle east is on fire. Our allies are under attack and CNN is dedicating 60 Minutes to a busted looking porn star who may‚Ä¶
0.0,CNN,1.0,0.0,0.0,RT @RealCandaceO: Anderson Cooper really spent 60 minutes with a porn star discussing whether or not she had consensual sex 15 years ago an‚Ä¶
0.34,CNN,0.778,0.104,0.119,"RT @petefrt: Screw Stormy....

Trump could screw the Rockettes entire chorus line for all I care @cnn.... so long as he drains the swamp, b‚Ä¶"
0.0,CNN,1.0,0.0,0.0,RT @JustCallMeKourt: I can already see folks wylin with the girl in the wheel chair. üíÄ https://t.co/DGH6UVTfo0
0.0,CNN,1.0,0.0,0.0,RT @JustCallMeKourt: I can already see folks wylin with the girl in the wheel chair. üíÄ https://t.co/DGH6UVTfo0
-0.3971,CNN,0.66,0.201,0.139,"RT @NotKennyRogers: ""Let's go Duke!!!"" - Kim Jong-un, Florida Georgia Line, Iran, people who prefer Pepsi over Coke, terrorism, Joy Behar,‚Ä¶"
0.3089,CNN,0.903,0.0,0.097,"RT @WalshFreedom: I don't give a damn what thousands of children say. I was born with this right, and I will exercise this right every sing‚Ä¶"
0.0,CNN,1.0,0.0,0.0,"RT @CNN: Stormy Daniels interview adds to ""60 Minutes"" legacy of big hits https://t.co/q5LxP4G2ku https://t.co/IXtljm6IP9"
0.3182,CNN,0.909,0.0,0.091,"RT @EdKrassen: If you didn‚Äôt watch Emma Gonzalez‚Äôs 6:20 long speech at #MarchForOurLives today, please take the time to do so.  If you did,‚Ä¶"
-0.0772,CNN,0.944,0.056,0.0,RT @_Jahan: Serious question: Has @RickSantorum seen images from the slaughter at Stoneman Douglas High? What kind of CPR could have been u‚Ä¶
-0.6705,CNN,0.814,0.186,0.0,RT @Hublife: The middle east is on fire. Our allies are under attack and CNN is dedicating 60 Minutes to a busted looking porn star who may‚Ä¶
0.0,CNN,1.0,0.0,0.0,RT @RealCandaceO: Anderson Cooper really spent 60 minutes with a porn star discussing whether or not she had consensual sex 15 years ago an‚Ä¶
0.34,CNN,0.778,0.104,0.119,"RT @petefrt: Screw Stormy....

Trump could screw the Rockettes entire chorus line for all I care @cnn.... so long as he drains the swamp, b‚Ä¶"
0.0,CNN,1.0,0.0,0.0,RT @JustCallMeKourt: I can already see folks wylin with the girl in the wheel chair. üíÄ https://t.co/DGH6UVTfo0
0.0,CNN,1.0,0.0,0.0,RT @JustCallMeKourt: I can already see folks wylin with the girl in the wheel chair. üíÄ https://t.co/DGH6UVTfo0
-0.3971,CNN,0.66,0.201,0.139,"RT @NotKennyRogers: ""Let's go Duke!!!"" - Kim Jong-un, Florida Georgia Line, Iran, people who prefer Pepsi over Coke, terrorism, Joy Behar,‚Ä¶"
0.3089,CNN,0.903,0.0,0.097,"RT @WalshFreedom: I don't give a damn what thousands of children say. I was born with this right, and I will exercise this right every sing‚Ä¶"
0.0,CNN,1.0,0.0,0.0,"RT @CNN: Stormy Daniels interview adds to ""60 Minutes"" legacy of big hits https://t.co/q5LxP4G2ku https://t.co/IXtljm6IP9"
0.3182,CNN,0.909,0.0,0.091,"RT @EdKrassen: If you didn‚Äôt watch Emma Gonzalez‚Äôs 6:20 long speech at #MarchForOurLives today, please take the time to do so.  If you did,‚Ä¶"
-0.0772,CNN,0.944,0.056,0.0,RT @_Jahan: Serious question: Has @RickSantorum seen images from the slaughter at Stoneman Douglas High? What kind of CPR could have been u‚Ä¶
-0.6705,CNN,0.814,0.186,0.0,RT @Hublife: The middle east is on fire. Our allies are under attack and CNN is dedicating 60 Minutes to a busted looking porn star who may‚Ä¶
0.0,CNN,1.0,0.0,0.0,RT @RealCandaceO: Anderson Cooper really spent 60 minutes with a porn star discussing whether or not she had consensual sex 15 years ago an‚Ä¶
0.34,CNN,0.778,0.104,0.119,"RT @petefrt: Screw Stormy....

Trump could screw the Rockettes entire chorus line for all I care @cnn.... so long as he drains the swamp, b‚Ä¶"
0.0,CNN,1.0,0.0,0.0,RT @JustCallMeKourt: I can already see folks wylin with the girl in the wheel chair. üíÄ https://t.co/DGH6UVTfo0
0.0,CNN,1.0,0.0,0.0,RT @JustCallMeKourt: I can already see folks wylin with the girl in the wheel chair. üíÄ https://t.co/DGH6UVTfo0
-0.3971,CNN,0.66,0.201,0.139,"RT @NotKennyRogers: ""Let's go Duke!!!"" - Kim Jong-un, Florida Georgia Line, Iran, people who prefer Pepsi over Coke, terrorism, Joy Behar,‚Ä¶"
0.3089,CNN,0.903,0.0,0.097,"RT @WalshFreedom: I don't give a damn what thousands of children say. I was born with this right, and I will exercise this right every sing‚Ä¶"
0.0,CNN,1.0,0.0,0.0,"RT @CNN: Stormy Daniels interview adds to ""60 Minutes"" legacy of big hits https://t.co/q5LxP4G2ku https://t.co/IXtljm6IP9"
0.3182,CNN,0.909,0.0,0.091,"RT @EdKrassen: If you didn‚Äôt watch Emma Gonzalez‚Äôs 6:20 long speech at #MarchForOurLives today, please take the time to do so.  If you did,‚Ä¶"
-0.0772,CNN,0.944,0.056,0.0,RT @_Jahan: Serious question: Has @RickSantorum seen images from the slaughter at Stoneman Douglas High? What kind of CPR could have been u‚Ä¶
-0.6705,CNN,0.814,0.186,0.0,RT @Hublife: The middle east is on fire. Our allies are under attack and CNN is dedicating 60 Minutes to a busted looking porn star who may‚Ä¶
0.0,CNN,1.0,0.0,0.0,RT @RealCandaceO: Anderson Cooper really spent 60 minutes with a porn star discussing whether or not she had consensual sex 15 years ago an‚Ä¶
0.34,CNN,0.778,0.104,0.119,"RT @petefrt: Screw Stormy....

Trump could screw the Rockettes entire chorus line for all I care @cnn.... so long as he drains the swamp, b‚Ä¶"
0.0,CNN,1.0,0.0,0.0,RT @JustCallMeKourt: I can already see folks wylin with the girl in the wheel chair. üíÄ https://t.co/DGH6UVTfo0
0.0,CNN,1.0,0.0,0.0,RT @JustCallMeKourt: I can already see folks wylin with the girl in the wheel chair. üíÄ https://t.co/DGH6UVTfo0
-0.3971,CNN,0.66,0.201,0.139,"RT @NotKennyRogers: ""Let's go Duke!!!"" - Kim Jong-un, Florida Georgia Line, Iran, people who prefer Pepsi over Coke, terrorism, Joy Behar,‚Ä¶"
0.3089,CNN,0.903,0.0,0.097,"RT @WalshFreedom: I don't give a damn what thousands of children say. I was born with this right, and I will exercise this right every sing‚Ä¶"
0.0,CNN,1.0,0.0,0.0,"RT @CNN: Stormy Daniels interview adds to ""60 Minutes"" legacy of big hits https://t.co/q5LxP4G2ku https://t.co/IXtljm6IP9"
0.3182,CNN,0.909,0.0,0.091,"RT @EdKrassen: If you didn‚Äôt watch Emma Gonzalez‚Äôs 6:20 long speech at #MarchForOurLives today, please take the time to do so.  If you did,‚Ä¶"
-0.0772,CNN,0.944,0.056,0.0,RT @_Jahan: Serious question: Has @RickSantorum seen images from the slaughter at Stoneman Douglas High? What kind of CPR could have been u‚Ä¶
-0.6705,CNN,0.814,0.186,0.0,RT @Hublife: The middle east is on fire. Our allies are under attack and CNN is dedicating 60 Minutes to a busted looking porn star who may‚Ä¶
0.0,CNN,1.0,0.0,0.0,RT @RealCandaceO: Anderson Cooper really spent 60 minutes with a porn star discussing whether or not she had consensual sex 15 years ago an‚Ä¶
0.34,CNN,0.778,0.104,0.119,"RT @petefrt: Screw Stormy....

Trump could screw the Rockettes entire chorus line for all I care @cnn.... so long as he drains the swamp, b‚Ä¶"
0.0,CNN,1.0,0.0,0.0,RT @JustCallMeKourt: I can already see folks wylin with the girl in the wheel chair. üíÄ https://t.co/DGH6UVTfo0
0.0,CNN,1.0,0.0,0.0,RT @JustCallMeKourt: I can already see folks wylin with the girl in the wheel chair. üíÄ https://t.co/DGH6UVTfo0
-0.3971,CNN,0.66,0.201,0.139,"RT @NotKennyRogers: ""Let's go Duke!!!"" - Kim Jong-un, Florida Georgia Line, Iran, people who prefer Pepsi over Coke, terrorism, Joy Behar,‚Ä¶"
0.3089,CNN,0.903,0.0,0.097,"RT @WalshFreedom: I don't give a damn what thousands of children say. I was born with this right, and I will exercise this right every sing‚Ä¶"
0.0,CNN,1.0,0.0,0.0,"RT @CNN: Stormy Daniels interview adds to ""60 Minutes"" legacy of big hits https://t.co/q5LxP4G2ku https://t.co/IXtljm6IP9"
0.3182,CNN,0.909,0.0,0.091,"RT @EdKrassen: If you didn‚Äôt watch Emma Gonzalez‚Äôs 6:20 long speech at #MarchForOurLives today, please take the time to do so.  If you did,‚Ä¶"
-0.0772,CNN,0.944,0.056,0.0,RT @_Jahan: Serious question: Has @RickSantorum seen images from the slaughter at Stoneman Douglas High? What kind of CPR could have been u‚Ä¶
-0.6705,CNN,0.814,0.186,0.0,RT @Hublife: The middle east is on fire. Our allies are under attack and CNN is dedicating 60 Minutes to a busted looking porn star who may‚Ä¶
0.0,CNN,1.0,0.0,0.0,RT @RealCandaceO: Anderson Cooper really spent 60 minutes with a porn star discussing whether or not she had consensual sex 15 years ago an‚Ä¶
0.34,CNN,0.778,0.104,0.119,"RT @petefrt: Screw Stormy....

Trump could screw the Rockettes entire chorus line for all I care @cnn.... so long as he drains the swamp, b‚Ä¶"
0.0,CNN,1.0,0.0,0.0,RT @JustCallMeKourt: I can already see folks wylin with the girl in the wheel chair. üíÄ https://t.co/DGH6UVTfo0
0.0,CNN,1.0,0.0,0.0,RT @JustCallMeKourt: I can already see folks wylin with the girl in the wheel chair. üíÄ https://t.co/DGH6UVTfo0
-0.3971,CNN,0.66,0.201,0.139,"RT @NotKennyRogers: ""Let's go Duke!!!"" - Kim Jong-un, Florida Georgia Line, Iran, people who prefer Pepsi over Coke, terrorism, Joy Behar,‚Ä¶"
0.3089,CNN,0.903,0.0,0.097,"RT @WalshFreedom: I don't give a damn what thousands of children say. I was born with this right, and I will exercise this right every sing‚Ä¶"
0.0,CNN,1.0,0.0,0.0,"RT @CNN: Stormy Daniels interview adds to ""60 Minutes"" legacy of big hits https://t.co/q5LxP4G2ku https://t.co/IXtljm6IP9"
0.3182,CNN,0.909,0.0,0.091,"RT @EdKrassen: If you didn‚Äôt watch Emma Gonzalez‚Äôs 6:20 long speech at #MarchForOurLives today, please take the time to do so.  If you did,‚Ä¶"
-0.0772,CNN,0.944,0.056,0.0,RT @_Jahan: Serious question: Has @RickSantorum seen images from the slaughter at Stoneman Douglas High? What kind of CPR could have been u‚Ä¶
-0.6705,CNN,0.814,0.186,0.0,RT @Hublife: The middle east is on fire. Our allies are under attack and CNN is dedicating 60 Minutes to a busted looking porn star who may‚Ä¶
0.0,CNN,1.0,0.0,0.0,RT @RealCandaceO: Anderson Cooper really spent 60 minutes with a porn star discussing whether or not she had consensual sex 15 years ago an‚Ä¶
0.34,CNN,0.778,0.104,0.119,"RT @petefrt: Screw Stormy....

Trump could screw the Rockettes entire chorus line for all I care @cnn.... so long as he drains the swamp, b‚Ä¶"
0.0,CNN,1.0,0.0,0.0,RT @JustCallMeKourt: I can already see folks wylin with the girl in the wheel chair. üíÄ https://t.co/DGH6UVTfo0
0.0,CNN,1.0,0.0,0.0,RT @JustCallMeKourt: I can already see folks wylin with the girl in the wheel chair. üíÄ https://t.co/DGH6UVTfo0
-0.3971,CNN,0.66,0.201,0.139,"RT @NotKennyRogers: ""Let's go Duke!!!"" - Kim Jong-un, Florida Georgia Line, Iran, people who prefer Pepsi over Coke, terrorism, Joy Behar,‚Ä¶"
0.3089,CNN,0.903,0.0,0.097,"RT @WalshFreedom: I don't give a damn what thousands of children say. I was born with this right, and I will exercise this right every sing‚Ä¶"
0.0,CNN,1.0,0.0,0.0,"RT @CNN: Stormy Daniels interview adds to ""60 Minutes"" legacy of big hits https://t.co/q5LxP4G2ku https://t.co/IXtljm6IP9"
0.3182,CNN,0.909,0.0,0.091,"RT @EdKrassen: If you didn‚Äôt watch Emma Gonzalez‚Äôs 6:20 long speech at #MarchForOurLives today, please take the time to do so.  If you did,‚Ä¶"
-0.0772,CNN,0.944,0.056,0.0,RT @_Jahan: Serious question: Has @RickSantorum seen images from the slaughter at Stoneman Douglas High? What kind of CPR could have been u‚Ä¶
-0.6705,CNN,0.814,0.186,0.0,RT @Hublife: The middle east is on fire. Our allies are under attack and CNN is dedicating 60 Minutes to a busted looking porn star who may‚Ä¶
0.0,CNN,1.0,0.0,0.0,RT @RealCandaceO: Anderson Cooper really spent 60 minutes with a porn star discussing whether or not she had consensual sex 15 years ago an‚Ä¶
0.34,CNN,0.778,0.104,0.119,"RT @petefrt: Screw Stormy....

Trump could screw the Rockettes entire chorus line for all I care @cnn.... so long as he drains the swamp, b‚Ä¶"
0.0,CNN,1.0,0.0,0.0,RT @JustCallMeKourt: I can already see folks wylin with the girl in the wheel chair. üíÄ https://t.co/DGH6UVTfo0
0.0,CNN,1.0,0.0,0.0,RT @JustCallMeKourt: I can already see folks wylin with the girl in the wheel chair. üíÄ https://t.co/DGH6UVTfo0
-0.3971,CNN,0.66,0.201,0.139,"RT @NotKennyRogers: ""Let's go Duke!!!"" - Kim Jong-un, Florida Georgia Line, Iran, people who prefer Pepsi over Coke, terrorism, Joy Behar,‚Ä¶"
0.3089,CNN,0.903,0.0,0.097,"RT @WalshFreedom: I don't give a damn what thousands of children say. I was born with this right, and I will exercise this right every sing‚Ä¶"
0.0,CBS,1.0,0.0,0.0,"RT @ParkerMolloy: 1. The show is called ‚Äú60 Minutes.‚Äù The interview itself was not 60 Minutes.
2. 12 years ago
3. The ‚Äúbig‚Äù story is about‚Ä¶"
-0.6369,CBS,0.602,0.278,0.12,"RT @Portosj81: Does CBS need to put out ""a Fag &amp; a Whore"" show to save its declining viewership? https://t.co/LjK6D1x10u"
0.0,CBS,1.0,0.0,0.0,cbs Í∞ÄÏûÖ ÎØ∏Íµ≠Ïù∏ ÌïúÏ†ïÏù¥Ïïº „ÖÖ„ÖÇ... Îèà Ï§ÑÍ≤å ÏãúÏ¶å 13 Î≥¥Í≤å Ìï¥Ï°∞...
0.34,CBS,0.778,0.104,0.119,"RT @petefrt: Screw Stormy....

Trump could screw the Rockettes entire chorus line for all I care @cnn.... so long as he drains the swamp, b‚Ä¶"
-0.296,CBS,0.891,0.109,0.0,"RT @Vengeance_X2: No, dummies, that‚Äôs what makes the payoff by Trumps lawyer, understandableeee. Keep spinnin‚Äô hooker stories, cbs...as if‚Ä¶"
0.5513,CBS,0.808,0.0,0.192,"RT @QualitySMC: üíØ#USA MORE IMPORTANT THAN #StormyDanielsDay 
#boycott60minutestoday #Boycott @cbs #60Minutes 

60 Minutes covered up @Barac‚Ä¶"
0.0,CBS,1.0,0.0,0.0,"RT @JamesHasson20: CBS reported the estimated crowd size was just over 200,000. That‚Äôs about half the size of an average March For Life. Bu‚Ä¶"
0.0,CBS,1.0,0.0,0.0,"RT @kylegriffin1: 11-year old Naomi Wadler: ""I am here to acknowledge and represent the African-American girls whose stories don't make the‚Ä¶"
0.4003,CBS,0.751,0.096,0.153,"RT @mikandynothem: ‚úîRETWEET‚úî if you love waking up in the morning and Donald Trump is still President! 
Much to liberal's dismay, he is goi‚Ä¶"
-0.1027,CBS,0.682,0.17,0.148,Stormy Says: CBS 60 Minutes Porn Star Tell-All Promises New Trump Troubles - Sputnik‚Ä¶ https://t.co/uVntujtJxz
0.0,CBS,1.0,0.0,0.0,"RT @ParkerMolloy: 1. The show is called ‚Äú60 Minutes.‚Äù The interview itself was not 60 Minutes.
2. 12 years ago
3. The ‚Äúbig‚Äù story is about‚Ä¶"
-0.6369,CBS,0.602,0.278,0.12,"RT @Portosj81: Does CBS need to put out ""a Fag &amp; a Whore"" show to save its declining viewership? https://t.co/LjK6D1x10u"
0.0,CBS,1.0,0.0,0.0,cbs Í∞ÄÏûÖ ÎØ∏Íµ≠Ïù∏ ÌïúÏ†ïÏù¥Ïïº „ÖÖ„ÖÇ... Îèà Ï§ÑÍ≤å ÏãúÏ¶å 13 Î≥¥Í≤å Ìï¥Ï°∞...
0.34,CBS,0.778,0.104,0.119,"RT @petefrt: Screw Stormy....

Trump could screw the Rockettes entire chorus line for all I care @cnn.... so long as he drains the swamp, b‚Ä¶"
-0.296,CBS,0.891,0.109,0.0,"RT @Vengeance_X2: No, dummies, that‚Äôs what makes the payoff by Trumps lawyer, understandableeee. Keep spinnin‚Äô hooker stories, cbs...as if‚Ä¶"
0.5513,CBS,0.808,0.0,0.192,"RT @QualitySMC: üíØ#USA MORE IMPORTANT THAN #StormyDanielsDay 
#boycott60minutestoday #Boycott @cbs #60Minutes 

60 Minutes covered up @Barac‚Ä¶"
0.0,CBS,1.0,0.0,0.0,"RT @JamesHasson20: CBS reported the estimated crowd size was just over 200,000. That‚Äôs about half the size of an average March For Life. Bu‚Ä¶"
0.0,CBS,1.0,0.0,0.0,"RT @kylegriffin1: 11-year old Naomi Wadler: ""I am here to acknowledge and represent the African-American girls whose stories don't make the‚Ä¶"
0.4003,CBS,0.751,0.096,0.153,"RT @mikandynothem: ‚úîRETWEET‚úî if you love waking up in the morning and Donald Trump is still President! 
Much to liberal's dismay, he is goi‚Ä¶"
-0.1027,CBS,0.682,0.17,0.148,Stormy Says: CBS 60 Minutes Porn Star Tell-All Promises New Trump Troubles - Sputnik‚Ä¶ https://t.co/uVntujtJxz
0.0,CBS,1.0,0.0,0.0,"RT @ParkerMolloy: 1. The show is called ‚Äú60 Minutes.‚Äù The interview itself was not 60 Minutes.
2. 12 years ago
3. The ‚Äúbig‚Äù story is about‚Ä¶"
-0.6369,CBS,0.602,0.278,0.12,"RT @Portosj81: Does CBS need to put out ""a Fag &amp; a Whore"" show to save its declining viewership? https://t.co/LjK6D1x10u"
0.0,CBS,1.0,0.0,0.0,cbs Í∞ÄÏûÖ ÎØ∏Íµ≠Ïù∏ ÌïúÏ†ïÏù¥Ïïº „ÖÖ„ÖÇ... Îèà Ï§ÑÍ≤å ÏãúÏ¶å 13 Î≥¥Í≤å Ìï¥Ï°∞...
0.34,CBS,0.778,0.104,0.119,"RT @petefrt: Screw Stormy....

Trump could screw the Rockettes entire chorus line for all I care @cnn.... so long as he drains the swamp, b‚Ä¶"
-0.296,CBS,0.891,0.109,0.0,"RT @Vengeance_X2: No, dummies, that‚Äôs what makes the payoff by Trumps lawyer, understandableeee. Keep spinnin‚Äô hooker stories, cbs...as if‚Ä¶"
0.5513,CBS,0.808,0.0,0.192,"RT @QualitySMC: üíØ#USA MORE IMPORTANT THAN #StormyDanielsDay 
#boycott60minutestoday #Boycott @cbs #60Minutes 

60 Minutes covered up @Barac‚Ä¶"
0.0,CBS,1.0,0.0,0.0,"RT @JamesHasson20: CBS reported the estimated crowd size was just over 200,000. That‚Äôs about half the size of an average March For Life. Bu‚Ä¶"
0.0,CBS,1.0,0.0,0.0,"RT @kylegriffin1: 11-year old Naomi Wadler: ""I am here to acknowledge and represent the African-American girls whose stories don't make the‚Ä¶"
0.4003,CBS,0.751,0.096,0.153,"RT @mikandynothem: ‚úîRETWEET‚úî if you love waking up in the morning and Donald Trump is still President! 
Much to liberal's dismay, he is goi‚Ä¶"
-0.1027,CBS,0.682,0.17,0.148,Stormy Says: CBS 60 Minutes Porn Star Tell-All Promises New Trump Troubles - Sputnik‚Ä¶ https://t.co/uVntujtJxz
0.0,CBS,1.0,0.0,0.0,"RT @ParkerMolloy: 1. The show is called ‚Äú60 Minutes.‚Äù The interview itself was not 60 Minutes.
2. 12 years ago
3. The ‚Äúbig‚Äù story is about‚Ä¶"
-0.6369,CBS,0.602,0.278,0.12,"RT @Portosj81: Does CBS need to put out ""a Fag &amp; a Whore"" show to save its declining viewership? https://t.co/LjK6D1x10u"
0.0,CBS,1.0,0.0,0.0,cbs Í∞ÄÏûÖ ÎØ∏Íµ≠Ïù∏ ÌïúÏ†ïÏù¥Ïïº „ÖÖ„ÖÇ... Îèà Ï§ÑÍ≤å ÏãúÏ¶å 13 Î≥¥Í≤å Ìï¥Ï°∞...
0.34,CBS,0.778,0.104,0.119,"RT @petefrt: Screw Stormy....

Trump could screw the Rockettes entire chorus line for all I care @cnn.... so long as he drains the swamp, b‚Ä¶"
-0.296,CBS,0.891,0.109,0.0,"RT @Vengeance_X2: No, dummies, that‚Äôs what makes the payoff by Trumps lawyer, understandableeee. Keep spinnin‚Äô hooker stories, cbs...as if‚Ä¶"
0.5513,CBS,0.808,0.0,0.192,"RT @QualitySMC: üíØ#USA MORE IMPORTANT THAN #StormyDanielsDay 
#boycott60minutestoday #Boycott @cbs #60Minutes 

60 Minutes covered up @Barac‚Ä¶"
0.0,CBS,1.0,0.0,0.0,"RT @JamesHasson20: CBS reported the estimated crowd size was just over 200,000. That‚Äôs about half the size of an average March For Life. Bu‚Ä¶"
0.0,CBS,1.0,0.0,0.0,"RT @kylegriffin1: 11-year old Naomi Wadler: ""I am here to acknowledge and represent the African-American girls whose stories don't make the‚Ä¶"
0.4003,CBS,0.751,0.096,0.153,"RT @mikandynothem: ‚úîRETWEET‚úî if you love waking up in the morning and Donald Trump is still President! 
Much to liberal's dismay, he is goi‚Ä¶"
-0.1027,CBS,0.682,0.17,0.148,Stormy Says: CBS 60 Minutes Porn Star Tell-All Promises New Trump Troubles - Sputnik‚Ä¶ https://t.co/uVntujtJxz
0.0,CBS,1.0,0.0,0.0,"RT @ParkerMolloy: 1. The show is called ‚Äú60 Minutes.‚Äù The interview itself was not 60 Minutes.
2. 12 years ago
3. The ‚Äúbig‚Äù story is about‚Ä¶"
-0.6369,CBS,0.602,0.278,0.12,"RT @Portosj81: Does CBS need to put out ""a Fag &amp; a Whore"" show to save its declining viewership? https://t.co/LjK6D1x10u"
0.0,CBS,1.0,0.0,0.0,cbs Í∞ÄÏûÖ ÎØ∏Íµ≠Ïù∏ ÌïúÏ†ïÏù¥Ïïº „ÖÖ„ÖÇ... Îèà Ï§ÑÍ≤å ÏãúÏ¶å 13 Î≥¥Í≤å Ìï¥Ï°∞...
0.34,CBS,0.778,0.104,0.119,"RT @petefrt: Screw Stormy....

Trump could screw the Rockettes entire chorus line for all I care @cnn.... so long as he drains the swamp, b‚Ä¶"
-0.296,CBS,0.891,0.109,0.0,"RT @Vengeance_X2: No, dummies, that‚Äôs what makes the payoff by Trumps lawyer, understandableeee. Keep spinnin‚Äô hooker stories, cbs...as if‚Ä¶"
0.5513,CBS,0.808,0.0,0.192,"RT @QualitySMC: üíØ#USA MORE IMPORTANT THAN #StormyDanielsDay 
#boycott60minutestoday #Boycott @cbs #60Minutes 

60 Minutes covered up @Barac‚Ä¶"
0.0,CBS,1.0,0.0,0.0,"RT @JamesHasson20: CBS reported the estimated crowd size was just over 200,000. That‚Äôs about half the size of an average March For Life. Bu‚Ä¶"
0.0,CBS,1.0,0.0,0.0,"RT @kylegriffin1: 11-year old Naomi Wadler: ""I am here to acknowledge and represent the African-American girls whose stories don't make the‚Ä¶"
0.4003,CBS,0.751,0.096,0.153,"RT @mikandynothem: ‚úîRETWEET‚úî if you love waking up in the morning and Donald Trump is still President! 
Much to liberal's dismay, he is goi‚Ä¶"
-0.1027,CBS,0.682,0.17,0.148,Stormy Says: CBS 60 Minutes Porn Star Tell-All Promises New Trump Troubles - Sputnik‚Ä¶ https://t.co/uVntujtJxz
0.0,CBS,1.0,0.0,0.0,"RT @ParkerMolloy: 1. The show is called ‚Äú60 Minutes.‚Äù The interview itself was not 60 Minutes.
2. 12 years ago
3. The ‚Äúbig‚Äù story is about‚Ä¶"
-0.6369,CBS,0.602,0.278,0.12,"RT @Portosj81: Does CBS need to put out ""a Fag &amp; a Whore"" show to save its declining viewership? https://t.co/LjK6D1x10u"
0.0,CBS,1.0,0.0,0.0,cbs Í∞ÄÏûÖ ÎØ∏Íµ≠Ïù∏ ÌïúÏ†ïÏù¥Ïïº „ÖÖ„ÖÇ... Îèà Ï§ÑÍ≤å ÏãúÏ¶å 13 Î≥¥Í≤å Ìï¥Ï°∞...
0.34,CBS,0.778,0.104,0.119,"RT @petefrt: Screw Stormy....

Trump could screw the Rockettes entire chorus line for all I care @cnn.... so long as he drains the swamp, b‚Ä¶"
-0.296,CBS,0.891,0.109,0.0,"RT @Vengeance_X2: No, dummies, that‚Äôs what makes the payoff by Trumps lawyer, understandableeee. Keep spinnin‚Äô hooker stories, cbs...as if‚Ä¶"
0.5513,CBS,0.808,0.0,0.192,"RT @QualitySMC: üíØ#USA MORE IMPORTANT THAN #StormyDanielsDay 
#boycott60minutestoday #Boycott @cbs #60Minutes 

60 Minutes covered up @Barac‚Ä¶"
0.0,CBS,1.0,0.0,0.0,"RT @JamesHasson20: CBS reported the estimated crowd size was just over 200,000. That‚Äôs about half the size of an average March For Life. Bu‚Ä¶"
0.0,CBS,1.0,0.0,0.0,"RT @kylegriffin1: 11-year old Naomi Wadler: ""I am here to acknowledge and represent the African-American girls whose stories don't make the‚Ä¶"
0.4003,CBS,0.751,0.096,0.153,"RT @mikandynothem: ‚úîRETWEET‚úî if you love waking up in the morning and Donald Trump is still President! 
Much to liberal's dismay, he is goi‚Ä¶"
-0.1027,CBS,0.682,0.17,0.148,Stormy Says: CBS 60 Minutes Porn Star Tell-All Promises New Trump Troubles - Sputnik‚Ä¶ https://t.co/uVntujtJxz
0.0,CBS,1.0,0.0,0.0,"RT @ParkerMolloy: 1. The show is called ‚Äú60 Minutes.‚Äù The interview itself was not 60 Minutes.
2. 12 years ago
3. The ‚Äúbig‚Äù story is about‚Ä¶"
-0.6369,CBS,0.602,0.278,0.12,"RT @Portosj81: Does CBS need to put out ""a Fag &amp; a Whore"" show to save its declining viewership? https://t.co/LjK6D1x10u"
0.0,CBS,1.0,0.0,0.0,cbs Í∞ÄÏûÖ ÎØ∏Íµ≠Ïù∏ ÌïúÏ†ïÏù¥Ïïº „ÖÖ„ÖÇ... Îèà Ï§ÑÍ≤å ÏãúÏ¶å 13 Î≥¥Í≤å Ìï¥Ï°∞...
0.34,CBS,0.778,0.104,0.119,"RT @petefrt: Screw Stormy....

Trump could screw the Rockettes entire chorus line for all I care @cnn.... so long as he drains the swamp, b‚Ä¶"
-0.296,CBS,0.891,0.109,0.0,"RT @Vengeance_X2: No, dummies, that‚Äôs what makes the payoff by Trumps lawyer, understandableeee. Keep spinnin‚Äô hooker stories, cbs...as if‚Ä¶"
0.5513,CBS,0.808,0.0,0.192,"RT @QualitySMC: üíØ#USA MORE IMPORTANT THAN #StormyDanielsDay 
#boycott60minutestoday #Boycott @cbs #60Minutes 

60 Minutes covered up @Barac‚Ä¶"
0.0,CBS,1.0,0.0,0.0,"RT @JamesHasson20: CBS reported the estimated crowd size was just over 200,000. That‚Äôs about half the size of an average March For Life. Bu‚Ä¶"
0.0,CBS,1.0,0.0,0.0,"RT @kylegriffin1: 11-year old Naomi Wadler: ""I am here to acknowledge and represent the African-American girls whose stories don't make the‚Ä¶"
0.4003,CBS,0.751,0.096,0.153,"RT @mikandynothem: ‚úîRETWEET‚úî if you love waking up in the morning and Donald Trump is still President! 
Much to liberal's dismay, he is goi‚Ä¶"
-0.1027,CBS,0.682,0.17,0.148,Stormy Says: CBS 60 Minutes Porn Star Tell-All Promises New Trump Troubles - Sputnik‚Ä¶ https://t.co/uVntujtJxz
0.0,CBS,1.0,0.0,0.0,"RT @ParkerMolloy: 1. The show is called ‚Äú60 Minutes.‚Äù The interview itself was not 60 Minutes.
2. 12 years ago
3. The ‚Äúbig‚Äù story is about‚Ä¶"
-0.6369,CBS,0.602,0.278,0.12,"RT @Portosj81: Does CBS need to put out ""a Fag &amp; a Whore"" show to save its declining viewership? https://t.co/LjK6D1x10u"
0.0,CBS,1.0,0.0,0.0,cbs Í∞ÄÏûÖ ÎØ∏Íµ≠Ïù∏ ÌïúÏ†ïÏù¥Ïïº „ÖÖ„ÖÇ... Îèà Ï§ÑÍ≤å ÏãúÏ¶å 13 Î≥¥Í≤å Ìï¥Ï°∞...
0.34,CBS,0.778,0.104,0.119,"RT @petefrt: Screw Stormy....

Trump could screw the Rockettes entire chorus line for all I care @cnn.... so long as he drains the swamp, b‚Ä¶"
-0.296,CBS,0.891,0.109,0.0,"RT @Vengeance_X2: No, dummies, that‚Äôs what makes the payoff by Trumps lawyer, understandableeee. Keep spinnin‚Äô hooker stories, cbs...as if‚Ä¶"
0.5513,CBS,0.808,0.0,0.192,"RT @QualitySMC: üíØ#USA MORE IMPORTANT THAN #StormyDanielsDay 
#boycott60minutestoday #Boycott @cbs #60Minutes 

60 Minutes covered up @Barac‚Ä¶"
0.0,CBS,1.0,0.0,0.0,"RT @JamesHasson20: CBS reported the estimated crowd size was just over 200,000. That‚Äôs about half the size of an average March For Life. Bu‚Ä¶"
0.0,CBS,1.0,0.0,0.0,"RT @kylegriffin1: 11-year old Naomi Wadler: ""I am here to acknowledge and represent the African-American girls whose stories don't make the‚Ä¶"
0.4003,CBS,0.751,0.096,0.153,"RT @mikandynothem: ‚úîRETWEET‚úî if you love waking up in the morning and Donald Trump is still President! 
Much to liberal's dismay, he is goi‚Ä¶"
-0.1027,CBS,0.682,0.17,0.148,Stormy Says: CBS 60 Minutes Porn Star Tell-All Promises New Trump Troubles - Sputnik‚Ä¶ https://t.co/uVntujtJxz
0.0,CBS,1.0,0.0,0.0,"RT @ParkerMolloy: 1. The show is called ‚Äú60 Minutes.‚Äù The interview itself was not 60 Minutes.
2. 12 years ago
3. The ‚Äúbig‚Äù story is about‚Ä¶"
-0.6369,CBS,0.602,0.278,0.12,"RT @Portosj81: Does CBS need to put out ""a Fag &amp; a Whore"" show to save its declining viewership? https://t.co/LjK6D1x10u"
0.0,CBS,1.0,0.0,0.0,cbs Í∞ÄÏûÖ ÎØ∏Íµ≠Ïù∏ ÌïúÏ†ïÏù¥Ïïº „ÖÖ„ÖÇ... Îèà Ï§ÑÍ≤å ÏãúÏ¶å 13 Î≥¥Í≤å Ìï¥Ï°∞...
0.34,CBS,0.778,0.104,0.119,"RT @petefrt: Screw Stormy....

Trump could screw the Rockettes entire chorus line for all I care @cnn.... so long as he drains the swamp, b‚Ä¶"
-0.296,CBS,0.891,0.109,0.0,"RT @Vengeance_X2: No, dummies, that‚Äôs what makes the payoff by Trumps lawyer, understandableeee. Keep spinnin‚Äô hooker stories, cbs...as if‚Ä¶"
0.5513,CBS,0.808,0.0,0.192,"RT @QualitySMC: üíØ#USA MORE IMPORTANT THAN #StormyDanielsDay 
#boycott60minutestoday #Boycott @cbs #60Minutes 

60 Minutes covered up @Barac‚Ä¶"
0.0,CBS,1.0,0.0,0.0,"RT @JamesHasson20: CBS reported the estimated crowd size was just over 200,000. That‚Äôs about half the size of an average March For Life. Bu‚Ä¶"
0.0,CBS,1.0,0.0,0.0,"RT @kylegriffin1: 11-year old Naomi Wadler: ""I am here to acknowledge and represent the African-American girls whose stories don't make the‚Ä¶"
0.4003,CBS,0.751,0.096,0.153,"RT @mikandynothem: ‚úîRETWEET‚úî if you love waking up in the morning and Donald Trump is still President! 
Much to liberal's dismay, he is goi‚Ä¶"
-0.1027,CBS,0.682,0.17,0.148,Stormy Says: CBS 60 Minutes Porn Star Tell-All Promises New Trump Troubles - Sputnik‚Ä¶ https://t.co/uVntujtJxz
0.0,CBS,1.0,0.0,0.0,"RT @ParkerMolloy: 1. The show is called ‚Äú60 Minutes.‚Äù The interview itself was not 60 Minutes.
2. 12 years ago
3. The ‚Äúbig‚Äù story is about‚Ä¶"
-0.6369,CBS,0.602,0.278,0.12,"RT @Portosj81: Does CBS need to put out ""a Fag &amp; a Whore"" show to save its declining viewership? https://t.co/LjK6D1x10u"
0.0,CBS,1.0,0.0,0.0,cbs Í∞ÄÏûÖ ÎØ∏Íµ≠Ïù∏ ÌïúÏ†ïÏù¥Ïïº „ÖÖ„ÖÇ... Îèà Ï§ÑÍ≤å ÏãúÏ¶å 13 Î≥¥Í≤å Ìï¥Ï°∞...
0.34,CBS,0.778,0.104,0.119,"RT @petefrt: Screw Stormy....

Trump could screw the Rockettes entire chorus line for all I care @cnn.... so long as he drains the swamp, b‚Ä¶"
-0.296,CBS,0.891,0.109,0.0,"RT @Vengeance_X2: No, dummies, that‚Äôs what makes the payoff by Trumps lawyer, understandableeee. Keep spinnin‚Äô hooker stories, cbs...as if‚Ä¶"
0.5513,CBS,0.808,0.0,0.192,"RT @QualitySMC: üíØ#USA MORE IMPORTANT THAN #StormyDanielsDay 
#boycott60minutestoday #Boycott @cbs #60Minutes 

60 Minutes covered up @Barac‚Ä¶"
0.0,CBS,1.0,0.0,0.0,"RT @JamesHasson20: CBS reported the estimated crowd size was just over 200,000. That‚Äôs about half the size of an average March For Life. Bu‚Ä¶"
0.0,CBS,1.0,0.0,0.0,"RT @kylegriffin1: 11-year old Naomi Wadler: ""I am here to acknowledge and represent the African-American girls whose stories don't make the‚Ä¶"
0.4003,CBS,0.751,0.096,0.153,"RT @mikandynothem: ‚úîRETWEET‚úî if you love waking up in the morning and Donald Trump is still President! 
Much to liberal's dismay, he is goi‚Ä¶"
-0.1027,CBS,0.682,0.17,0.148,Stormy Says: CBS 60 Minutes Porn Star Tell-All Promises New Trump Troubles - Sputnik‚Ä¶ https://t.co/uVntujtJxz
0.0,FOX,1.0,0.0,0.0,RT @BrettCateley: @DE_SILVIA_T @GoncaloValva10 @666_alhlwan @addrichmoney @gepeto02 @fachatucu @Tatiana_patria @warto_tok @fox_lucho @Pr1_N‚Ä¶
-0.4767,FOX,0.775,0.17,0.055,"RT @kylegriffin1: In another blow to Trump‚Äôs efforts to combat Russia probe, Joe diGenova will no longer be joining the Trump legal team, c‚Ä¶"
-0.4939,FOX,0.833,0.167,0.0,‚ÄúI was warned not to come today by many of my classmates. I was warned to be wary of crowds... I shouldn‚Äôt have to‚Ä¶ https://t.co/u6xygmGfLq
-0.7184,FOX,0.65,0.35,0.0,RT @HarrisonforWA: @FoxNews @DiamondandSilk @WattersWorld So you're saying that imperfect Fox News should stop criticizing @HillaryClinton‚Ä¶
0.5994,FOX,0.686,0.087,0.227,"RT @MattOswaltVA: one of these people intelligently and cleverly articulates the current state of our gun culture in America, the other is‚Ä¶"
-0.7579,FOX,0.667,0.333,0.0,"RT @FoxNews: Fox News Poll: Proposals to reduce gun violence - percent saying ""favor."" https://t.co/GBFEtQnnmL https://t.co/pYoYVIyoHt"
-0.4767,FOX,0.563,0.437,0.0,Poor fox and bunny https://t.co/K41DymLnEP
0.0,FOX,1.0,0.0,0.0,RT @shannonrwatts: Summary of the Fox News poll: https://t.co/ozSo21JPt0
-0.5267,FOX,0.861,0.139,0.0,"@RapinBill Try looking at the facts, not FOX news &amp; related conspiracy sites.  How do you say, Russian server is Tr‚Ä¶ https://t.co/esZV2uKHkL"
0.0,FOX,1.0,0.0,0.0,"@fox_ksm Â∞èÈõ®„Å°„ÇÉ„Çì„Å™„ÇâÊèè„Åë„Çã„ÇàÔºÅÔºÅ( ^œâ^ )
„Åà„ÄÅ‰Ωï„Çí„Åä„Å£„Åó„ÇÉ„Çã„ÅÜ„Å°„ÅØÁ•û„Åß„ÅØ„Å™„ÅÑ„Åû(„Éª‚àÄ„Éª)
„ÇØ„É¢„Ç∏„É£„Ç≠„Éº„Å®„ÅãÊÑõ„Åß„Åó„ÅãÊèè„ÅÑ„Å¶„Å™„ÅÑ„Åã„Çâ„Åæ„Å†„Åæ„Å†„Å†„Çà„Éª„Éª„Éª
„Å†„Çà„Å≠ÔºÅÊ≥£„Åç„Åô„Åé„Å¶ÂÆ∂Êóè„Å´Á¨ë„Çè„Çå„Å°„ÇÉ„Å£„Åü„Çà ww
Ë¶ã„Å¶ÔºÅ‰∏ÄÁ∑í„Å´Ë™û„Çç„ÅÜ( ^œâ^ )"
0.0,FOX,1.0,0.0,0.0,RT @BrettCateley: @DE_SILVIA_T @GoncaloValva10 @666_alhlwan @addrichmoney @gepeto02 @fachatucu @Tatiana_patria @warto_tok @fox_lucho @Pr1_N‚Ä¶
-0.4767,FOX,0.775,0.17,0.055,"RT @kylegriffin1: In another blow to Trump‚Äôs efforts to combat Russia probe, Joe diGenova will no longer be joining the Trump legal team, c‚Ä¶"
-0.4939,FOX,0.833,0.167,0.0,‚ÄúI was warned not to come today by many of my classmates. I was warned to be wary of crowds... I shouldn‚Äôt have to‚Ä¶ https://t.co/u6xygmGfLq
-0.7184,FOX,0.65,0.35,0.0,RT @HarrisonforWA: @FoxNews @DiamondandSilk @WattersWorld So you're saying that imperfect Fox News should stop criticizing @HillaryClinton‚Ä¶
0.5994,FOX,0.686,0.087,0.227,"RT @MattOswaltVA: one of these people intelligently and cleverly articulates the current state of our gun culture in America, the other is‚Ä¶"
-0.7579,FOX,0.667,0.333,0.0,"RT @FoxNews: Fox News Poll: Proposals to reduce gun violence - percent saying ""favor."" https://t.co/GBFEtQnnmL https://t.co/pYoYVIyoHt"
-0.4767,FOX,0.563,0.437,0.0,Poor fox and bunny https://t.co/K41DymLnEP
0.0,FOX,1.0,0.0,0.0,RT @shannonrwatts: Summary of the Fox News poll: https://t.co/ozSo21JPt0
-0.5267,FOX,0.861,0.139,0.0,"@RapinBill Try looking at the facts, not FOX news &amp; related conspiracy sites.  How do you say, Russian server is Tr‚Ä¶ https://t.co/esZV2uKHkL"
0.0,FOX,1.0,0.0,0.0,"@fox_ksm Â∞èÈõ®„Å°„ÇÉ„Çì„Å™„ÇâÊèè„Åë„Çã„ÇàÔºÅÔºÅ( ^œâ^ )
„Åà„ÄÅ‰Ωï„Çí„Åä„Å£„Åó„ÇÉ„Çã„ÅÜ„Å°„ÅØÁ•û„Åß„ÅØ„Å™„ÅÑ„Åû(„Éª‚àÄ„Éª)
„ÇØ„É¢„Ç∏„É£„Ç≠„Éº„Å®„ÅãÊÑõ„Åß„Åó„ÅãÊèè„ÅÑ„Å¶„Å™„ÅÑ„Åã„Çâ„Åæ„Å†„Åæ„Å†„Å†„Çà„Éª„Éª„Éª
„Å†„Çà„Å≠ÔºÅÊ≥£„Åç„Åô„Åé„Å¶ÂÆ∂Êóè„Å´Á¨ë„Çè„Çå„Å°„ÇÉ„Å£„Åü„Çà ww
Ë¶ã„Å¶ÔºÅ‰∏ÄÁ∑í„Å´Ë™û„Çç„ÅÜ( ^œâ^ )"
0.0,FOX,1.0,0.0,0.0,RT @BrettCateley: @DE_SILVIA_T @GoncaloValva10 @666_alhlwan @addrichmoney @gepeto02 @fachatucu @Tatiana_patria @warto_tok @fox_lucho @Pr1_N‚Ä¶
-0.4767,FOX,0.775,0.17,0.055,"RT @kylegriffin1: In another blow to Trump‚Äôs efforts to combat Russia probe, Joe diGenova will no longer be joining the Trump legal team, c‚Ä¶"
-0.4939,FOX,0.833,0.167,0.0,‚ÄúI was warned not to come today by many of my classmates. I was warned to be wary of crowds... I shouldn‚Äôt have to‚Ä¶ https://t.co/u6xygmGfLq
-0.7184,FOX,0.65,0.35,0.0,RT @HarrisonforWA: @FoxNews @DiamondandSilk @WattersWorld So you're saying that imperfect Fox News should stop criticizing @HillaryClinton‚Ä¶
0.5994,FOX,0.686,0.087,0.227,"RT @MattOswaltVA: one of these people intelligently and cleverly articulates the current state of our gun culture in America, the other is‚Ä¶"
-0.7579,FOX,0.667,0.333,0.0,"RT @FoxNews: Fox News Poll: Proposals to reduce gun violence - percent saying ""favor."" https://t.co/GBFEtQnnmL https://t.co/pYoYVIyoHt"
-0.4767,FOX,0.563,0.437,0.0,Poor fox and bunny https://t.co/K41DymLnEP
0.0,FOX,1.0,0.0,0.0,RT @shannonrwatts: Summary of the Fox News poll: https://t.co/ozSo21JPt0
-0.5267,FOX,0.861,0.139,0.0,"@RapinBill Try looking at the facts, not FOX news &amp; related conspiracy sites.  How do you say, Russian server is Tr‚Ä¶ https://t.co/esZV2uKHkL"
0.0,FOX,1.0,0.0,0.0,"@fox_ksm Â∞èÈõ®„Å°„ÇÉ„Çì„Å™„ÇâÊèè„Åë„Çã„ÇàÔºÅÔºÅ( ^œâ^ )
„Åà„ÄÅ‰Ωï„Çí„Åä„Å£„Åó„ÇÉ„Çã„ÅÜ„Å°„ÅØÁ•û„Åß„ÅØ„Å™„ÅÑ„Åû(„Éª‚àÄ„Éª)
„ÇØ„É¢„Ç∏„É£„Ç≠„Éº„Å®„ÅãÊÑõ„Åß„Åó„ÅãÊèè„ÅÑ„Å¶„Å™„ÅÑ„Åã„Çâ„Åæ„Å†„Åæ„Å†„Å†„Çà„Éª„Éª„Éª
„Å†„Çà„Å≠ÔºÅÊ≥£„Åç„Åô„Åé„Å¶ÂÆ∂Êóè„Å´Á¨ë„Çè„Çå„Å°„ÇÉ„Å£„Åü„Çà ww
Ë¶ã„Å¶ÔºÅ‰∏ÄÁ∑í„Å´Ë™û„Çç„ÅÜ( ^œâ^ )"
0.0,FOX,1.0,0.0,0.0,RT @BrettCateley: @DE_SILVIA_T @GoncaloValva10 @666_alhlwan @addrichmoney @gepeto02 @fachatucu @Tatiana_patria @warto_tok @fox_lucho @Pr1_N‚Ä¶
-0.4767,FOX,0.775,0.17,0.055,"RT @kylegriffin1: In another blow to Trump‚Äôs efforts to combat Russia probe, Joe diGenova will no longer be joining the Trump legal team, c‚Ä¶"
-0.4939,FOX,0.833,0.167,0.0,‚ÄúI was warned not to come today by many of my classmates. I was warned to be wary of crowds... I shouldn‚Äôt have to‚Ä¶ https://t.co/u6xygmGfLq
-0.7184,FOX,0.65,0.35,0.0,RT @HarrisonforWA: @FoxNews @DiamondandSilk @WattersWorld So you're saying that imperfect Fox News should stop criticizing @HillaryClinton‚Ä¶
0.5994,FOX,0.686,0.087,0.227,"RT @MattOswaltVA: one of these people intelligently and cleverly articulates the current state of our gun culture in America, the other is‚Ä¶"
-0.7579,FOX,0.667,0.333,0.0,"RT @FoxNews: Fox News Poll: Proposals to reduce gun violence - percent saying ""favor."" https://t.co/GBFEtQnnmL https://t.co/pYoYVIyoHt"
-0.4767,FOX,0.563,0.437,0.0,Poor fox and bunny https://t.co/K41DymLnEP
0.0,FOX,1.0,0.0,0.0,RT @shannonrwatts: Summary of the Fox News poll: https://t.co/ozSo21JPt0
-0.5267,FOX,0.861,0.139,0.0,"@RapinBill Try looking at the facts, not FOX news &amp; related conspiracy sites.  How do you say, Russian server is Tr‚Ä¶ https://t.co/esZV2uKHkL"
0.0,FOX,1.0,0.0,0.0,"@fox_ksm Â∞èÈõ®„Å°„ÇÉ„Çì„Å™„ÇâÊèè„Åë„Çã„ÇàÔºÅÔºÅ( ^œâ^ )
„Åà„ÄÅ‰Ωï„Çí„Åä„Å£„Åó„ÇÉ„Çã„ÅÜ„Å°„ÅØÁ•û„Åß„ÅØ„Å™„ÅÑ„Åû(„Éª‚àÄ„Éª)
„ÇØ„É¢„Ç∏„É£„Ç≠„Éº„Å®„ÅãÊÑõ„Åß„Åó„ÅãÊèè„ÅÑ„Å¶„Å™„ÅÑ„Åã„Çâ„Åæ„Å†„Åæ„Å†„Å†„Çà„Éª„Éª„Éª
„Å†„Çà„Å≠ÔºÅÊ≥£„Åç„Åô„Åé„Å¶ÂÆ∂Êóè„Å´Á¨ë„Çè„Çå„Å°„ÇÉ„Å£„Åü„Çà ww
Ë¶ã„Å¶ÔºÅ‰∏ÄÁ∑í„Å´Ë™û„Çç„ÅÜ( ^œâ^ )"
0.0,FOX,1.0,0.0,0.0,RT @BrettCateley: @DE_SILVIA_T @GoncaloValva10 @666_alhlwan @addrichmoney @gepeto02 @fachatucu @Tatiana_patria @warto_tok @fox_lucho @Pr1_N‚Ä¶
-0.4767,FOX,0.775,0.17,0.055,"RT @kylegriffin1: In another blow to Trump‚Äôs efforts to combat Russia probe, Joe diGenova will no longer be joining the Trump legal team, c‚Ä¶"
-0.4939,FOX,0.833,0.167,0.0,‚ÄúI was warned not to come today by many of my classmates. I was warned to be wary of crowds... I shouldn‚Äôt have to‚Ä¶ https://t.co/u6xygmGfLq
-0.7184,FOX,0.65,0.35,0.0,RT @HarrisonforWA: @FoxNews @DiamondandSilk @WattersWorld So you're saying that imperfect Fox News should stop criticizing @HillaryClinton‚Ä¶
0.5994,FOX,0.686,0.087,0.227,"RT @MattOswaltVA: one of these people intelligently and cleverly articulates the current state of our gun culture in America, the other is‚Ä¶"
-0.7579,FOX,0.667,0.333,0.0,"RT @FoxNews: Fox News Poll: Proposals to reduce gun violence - percent saying ""favor."" https://t.co/GBFEtQnnmL https://t.co/pYoYVIyoHt"
-0.4767,FOX,0.563,0.437,0.0,Poor fox and bunny https://t.co/K41DymLnEP
0.0,FOX,1.0,0.0,0.0,RT @shannonrwatts: Summary of the Fox News poll: https://t.co/ozSo21JPt0
-0.5267,FOX,0.861,0.139,0.0,"@RapinBill Try looking at the facts, not FOX news &amp; related conspiracy sites.  How do you say, Russian server is Tr‚Ä¶ https://t.co/esZV2uKHkL"
0.0,FOX,1.0,0.0,0.0,"@fox_ksm Â∞èÈõ®„Å°„ÇÉ„Çì„Å™„ÇâÊèè„Åë„Çã„ÇàÔºÅÔºÅ( ^œâ^ )
„Åà„ÄÅ‰Ωï„Çí„Åä„Å£„Åó„ÇÉ„Çã„ÅÜ„Å°„ÅØÁ•û„Åß„ÅØ„Å™„ÅÑ„Åû(„Éª‚àÄ„Éª)
„ÇØ„É¢„Ç∏„É£„Ç≠„Éº„Å®„ÅãÊÑõ„Åß„Åó„ÅãÊèè„ÅÑ„Å¶„Å™„ÅÑ„Åã„Çâ„Åæ„Å†„Åæ„Å†„Å†„Çà„Éª„Éª„Éª
„Å†„Çà„Å≠ÔºÅÊ≥£„Åç„Åô„Åé„Å¶ÂÆ∂Êóè„Å´Á¨ë„Çè„Çå„Å°„ÇÉ„Å£„Åü„Çà ww
Ë¶ã„Å¶ÔºÅ‰∏ÄÁ∑í„Å´Ë™û„Çç„ÅÜ( ^œâ^ )"
0.0,FOX,1.0,0.0,0.0,RT @BrettCateley: @DE_SILVIA_T @GoncaloValva10 @666_alhlwan @addrichmoney @gepeto02 @fachatucu @Tatiana_patria @warto_tok @fox_lucho @Pr1_N‚Ä¶
-0.4767,FOX,0.775,0.17,0.055,"RT @kylegriffin1: In another blow to Trump‚Äôs efforts to combat Russia probe, Joe diGenova will no longer be joining the Trump legal team, c‚Ä¶"
-0.4939,FOX,0.833,0.167,0.0,‚ÄúI was warned not to come today by many of my classmates. I was warned to be wary of crowds... I shouldn‚Äôt have to‚Ä¶ https://t.co/u6xygmGfLq
-0.7184,FOX,0.65,0.35,0.0,RT @HarrisonforWA: @FoxNews @DiamondandSilk @WattersWorld So you're saying that imperfect Fox News should stop criticizing @HillaryClinton‚Ä¶
0.5994,FOX,0.686,0.087,0.227,"RT @MattOswaltVA: one of these people intelligently and cleverly articulates the current state of our gun culture in America, the other is‚Ä¶"
-0.7579,FOX,0.667,0.333,0.0,"RT @FoxNews: Fox News Poll: Proposals to reduce gun violence - percent saying ""favor."" https://t.co/GBFEtQnnmL https://t.co/pYoYVIyoHt"
-0.4767,FOX,0.563,0.437,0.0,Poor fox and bunny https://t.co/K41DymLnEP
0.0,FOX,1.0,0.0,0.0,RT @shannonrwatts: Summary of the Fox News poll: https://t.co/ozSo21JPt0
-0.5267,FOX,0.861,0.139,0.0,"@RapinBill Try looking at the facts, not FOX news &amp; related conspiracy sites.  How do you say, Russian server is Tr‚Ä¶ https://t.co/esZV2uKHkL"
0.0,FOX,1.0,0.0,0.0,"@fox_ksm Â∞èÈõ®„Å°„ÇÉ„Çì„Å™„ÇâÊèè„Åë„Çã„ÇàÔºÅÔºÅ( ^œâ^ )
„Åà„ÄÅ‰Ωï„Çí„Åä„Å£„Åó„ÇÉ„Çã„ÅÜ„Å°„ÅØÁ•û„Åß„ÅØ„Å™„ÅÑ„Åû(„Éª‚àÄ„Éª)
„ÇØ„É¢„Ç∏„É£„Ç≠„Éº„Å®„ÅãÊÑõ„Åß„Åó„ÅãÊèè„ÅÑ„Å¶„Å™„ÅÑ„Åã„Çâ„Åæ„Å†„Åæ„Å†„Å†„Çà„Éª„Éª„Éª
„Å†„Çà„Å≠ÔºÅÊ≥£„Åç„Åô„Åé„Å¶ÂÆ∂Êóè„Å´Á¨ë„Çè„Çå„Å°„ÇÉ„Å£„Åü„Çà ww
Ë¶ã„Å¶ÔºÅ‰∏ÄÁ∑í„Å´Ë™û„Çç„ÅÜ( ^œâ^ )"
0.0,FOX,1.0,0.0,0.0,RT @BrettCateley: @DE_SILVIA_T @GoncaloValva10 @666_alhlwan @addrichmoney @gepeto02 @fachatucu @Tatiana_patria @warto_tok @fox_lucho @Pr1_N‚Ä¶
-0.4767,FOX,0.775,0.17,0.055,"RT @kylegriffin1: In another blow to Trump‚Äôs efforts to combat Russia probe, Joe diGenova will no longer be joining the Trump legal team, c‚Ä¶"
-0.4939,FOX,0.833,0.167,0.0,‚ÄúI was warned not to come today by many of my classmates. I was warned to be wary of crowds... I shouldn‚Äôt have to‚Ä¶ https://t.co/u6xygmGfLq
-0.7184,FOX,0.65,0.35,0.0,RT @HarrisonforWA: @FoxNews @DiamondandSilk @WattersWorld So you're saying that imperfect Fox News should stop criticizing @HillaryClinton‚Ä¶
0.5994,FOX,0.686,0.087,0.227,"RT @MattOswaltVA: one of these people intelligently and cleverly articulates the current state of our gun culture in America, the other is‚Ä¶"
-0.7579,FOX,0.667,0.333,0.0,"RT @FoxNews: Fox News Poll: Proposals to reduce gun violence - percent saying ""favor."" https://t.co/GBFEtQnnmL https://t.co/pYoYVIyoHt"
-0.4767,FOX,0.563,0.437,0.0,Poor fox and bunny https://t.co/K41DymLnEP
0.0,FOX,1.0,0.0,0.0,RT @shannonrwatts: Summary of the Fox News poll: https://t.co/ozSo21JPt0
-0.5267,FOX,0.861,0.139,0.0,"@RapinBill Try looking at the facts, not FOX news &amp; related conspiracy sites.  How do you say, Russian server is Tr‚Ä¶ https://t.co/esZV2uKHkL"
0.0,FOX,1.0,0.0,0.0,"@fox_ksm Â∞èÈõ®„Å°„ÇÉ„Çì„Å™„ÇâÊèè„Åë„Çã„ÇàÔºÅÔºÅ( ^œâ^ )
„Åà„ÄÅ‰Ωï„Çí„Åä„Å£„Åó„ÇÉ„Çã„ÅÜ„Å°„ÅØÁ•û„Åß„ÅØ„Å™„ÅÑ„Åû(„Éª‚àÄ„Éª)
„ÇØ„É¢„Ç∏„É£„Ç≠„Éº„Å®„ÅãÊÑõ„Åß„Åó„ÅãÊèè„ÅÑ„Å¶„Å™„ÅÑ„Åã„Çâ„Åæ„Å†„Åæ„Å†„Å†„Çà„Éª„Éª„Éª
„Å†„Çà„Å≠ÔºÅÊ≥£„Åç„Åô„Åé„Å¶ÂÆ∂Êóè„Å´Á¨ë„Çè„Çå„Å°„ÇÉ„Å£„Åü„Çà ww
Ë¶ã„Å¶ÔºÅ‰∏ÄÁ∑í„Å´Ë™û„Çç„ÅÜ( ^œâ^ )"
0.0,FOX,1.0,0.0,0.0,RT @BrettCateley: @DE_SILVIA_T @GoncaloValva10 @666_alhlwan @addrichmoney @gepeto02 @fachatucu @Tatiana_patria @warto_tok @fox_lucho @Pr1_N‚Ä¶
-0.4767,FOX,0.775,0.17,0.055,"RT @kylegriffin1: In another blow to Trump‚Äôs efforts to combat Russia probe, Joe diGenova will no longer be joining the Trump legal team, c‚Ä¶"
-0.4939,FOX,0.833,0.167,0.0,‚ÄúI was warned not to come today by many of my classmates. I was warned to be wary of crowds... I shouldn‚Äôt have to‚Ä¶ https://t.co/u6xygmGfLq
-0.7184,FOX,0.65,0.35,0.0,RT @HarrisonforWA: @FoxNews @DiamondandSilk @WattersWorld So you're saying that imperfect Fox News should stop criticizing @HillaryClinton‚Ä¶
0.5994,FOX,0.686,0.087,0.227,"RT @MattOswaltVA: one of these people intelligently and cleverly articulates the current state of our gun culture in America, the other is‚Ä¶"
-0.7579,FOX,0.667,0.333,0.0,"RT @FoxNews: Fox News Poll: Proposals to reduce gun violence - percent saying ""favor."" https://t.co/GBFEtQnnmL https://t.co/pYoYVIyoHt"
-0.4767,FOX,0.563,0.437,0.0,Poor fox and bunny https://t.co/K41DymLnEP
0.0,FOX,1.0,0.0,0.0,RT @shannonrwatts: Summary of the Fox News poll: https://t.co/ozSo21JPt0
-0.5267,FOX,0.861,0.139,0.0,"@RapinBill Try looking at the facts, not FOX news &amp; related conspiracy sites.  How do you say, Russian server is Tr‚Ä¶ https://t.co/esZV2uKHkL"
0.0,FOX,1.0,0.0,0.0,"@fox_ksm Â∞èÈõ®„Å°„ÇÉ„Çì„Å™„ÇâÊèè„Åë„Çã„ÇàÔºÅÔºÅ( ^œâ^ )
„Åà„ÄÅ‰Ωï„Çí„Åä„Å£„Åó„ÇÉ„Çã„ÅÜ„Å°„ÅØÁ•û„Åß„ÅØ„Å™„ÅÑ„Åû(„Éª‚àÄ„Éª)
„ÇØ„É¢„Ç∏„É£„Ç≠„Éº„Å®„ÅãÊÑõ„Åß„Åó„ÅãÊèè„ÅÑ„Å¶„Å™„ÅÑ„Åã„Çâ„Åæ„Å†„Åæ„Å†„Å†„Çà„Éª„Éª„Éª
„Å†„Çà„Å≠ÔºÅÊ≥£„Åç„Åô„Åé„Å¶ÂÆ∂Êóè„Å´Á¨ë„Çè„Çå„Å°„ÇÉ„Å£„Åü„Çà ww
Ë¶ã„Å¶ÔºÅ‰∏ÄÁ∑í„Å´Ë™û„Çç„ÅÜ( ^œâ^ )"
0.0,FOX,1.0,0.0,0.0,RT @BrettCateley: @DE_SILVIA_T @GoncaloValva10 @666_alhlwan @addrichmoney @gepeto02 @fachatucu @Tatiana_patria @warto_tok @fox_lucho @Pr1_N‚Ä¶
-0.4767,FOX,0.775,0.17,0.055,"RT @kylegriffin1: In another blow to Trump‚Äôs efforts to combat Russia probe, Joe diGenova will no longer be joining the Trump legal team, c‚Ä¶"
-0.4939,FOX,0.833,0.167,0.0,‚ÄúI was warned not to come today by many of my classmates. I was warned to be wary of crowds... I shouldn‚Äôt have to‚Ä¶ https://t.co/u6xygmGfLq
-0.7184,FOX,0.65,0.35,0.0,RT @HarrisonforWA: @FoxNews @DiamondandSilk @WattersWorld So you're saying that imperfect Fox News should stop criticizing @HillaryClinton‚Ä¶
0.5994,FOX,0.686,0.087,0.227,"RT @MattOswaltVA: one of these people intelligently and cleverly articulates the current state of our gun culture in America, the other is‚Ä¶"
-0.7579,FOX,0.667,0.333,0.0,"RT @FoxNews: Fox News Poll: Proposals to reduce gun violence - percent saying ""favor."" https://t.co/GBFEtQnnmL https://t.co/pYoYVIyoHt"
-0.4767,FOX,0.563,0.437,0.0,Poor fox and bunny https://t.co/K41DymLnEP
0.0,FOX,1.0,0.0,0.0,RT @shannonrwatts: Summary of the Fox News poll: https://t.co/ozSo21JPt0
-0.5267,FOX,0.861,0.139,0.0,"@RapinBill Try looking at the facts, not FOX news &amp; related conspiracy sites.  How do you say, Russian server is Tr‚Ä¶ https://t.co/esZV2uKHkL"
0.0,FOX,1.0,0.0,0.0,"@fox_ksm Â∞èÈõ®„Å°„ÇÉ„Çì„Å™„ÇâÊèè„Åë„Çã„ÇàÔºÅÔºÅ( ^œâ^ )
„Åà„ÄÅ‰Ωï„Çí„Åä„Å£„Åó„ÇÉ„Çã„ÅÜ„Å°„ÅØÁ•û„Åß„ÅØ„Å™„ÅÑ„Åû(„Éª‚àÄ„Éª)
„ÇØ„É¢„Ç∏„É£„Ç≠„Éº„Å®„ÅãÊÑõ„Åß„Åó„ÅãÊèè„ÅÑ„Å¶„Å™„ÅÑ„Åã„Çâ„Åæ„Å†„Åæ„Å†„Å†„Çà„Éª„Éª„Éª
„Å†„Çà„Å≠ÔºÅÊ≥£„Åç„Åô„Åé„Å¶ÂÆ∂Êóè„Å´Á¨ë„Çè„Çå„Å°„ÇÉ„Å£„Åü„Çà ww
Ë¶ã„Å¶ÔºÅ‰∏ÄÁ∑í„Å´Ë™û„Çç„ÅÜ( ^œâ^ )"
0.0,FOX,1.0,0.0,0.0,RT @BrettCateley: @DE_SILVIA_T @GoncaloValva10 @666_alhlwan @addrichmoney @gepeto02 @fachatucu @Tatiana_patria @warto_tok @fox_lucho @Pr1_N‚Ä¶
-0.4767,FOX,0.775,0.17,0.055,"RT @kylegriffin1: In another blow to Trump‚Äôs efforts to combat Russia probe, Joe diGenova will no longer be joining the Trump legal team, c‚Ä¶"
-0.4939,FOX,0.833,0.167,0.0,‚ÄúI was warned not to come today by many of my classmates. I was warned to be wary of crowds... I shouldn‚Äôt have to‚Ä¶ https://t.co/u6xygmGfLq
-0.7184,FOX,0.65,0.35,0.0,RT @HarrisonforWA: @FoxNews @DiamondandSilk @WattersWorld So you're saying that imperfect Fox News should stop criticizing @HillaryClinton‚Ä¶
0.5994,FOX,0.686,0.087,0.227,"RT @MattOswaltVA: one of these people intelligently and cleverly articulates the current state of our gun culture in America, the other is‚Ä¶"
-0.7579,FOX,0.667,0.333,0.0,"RT @FoxNews: Fox News Poll: Proposals to reduce gun violence - percent saying ""favor."" https://t.co/GBFEtQnnmL https://t.co/pYoYVIyoHt"
-0.4767,FOX,0.563,0.437,0.0,Poor fox and bunny https://t.co/K41DymLnEP
0.0,FOX,1.0,0.0,0.0,RT @shannonrwatts: Summary of the Fox News poll: https://t.co/ozSo21JPt0
-0.5267,FOX,0.861,0.139,0.0,"@RapinBill Try looking at the facts, not FOX news &amp; related conspiracy sites.  How do you say, Russian server is Tr‚Ä¶ https://t.co/esZV2uKHkL"
0.0,FOX,1.0,0.0,0.0,"@fox_ksm Â∞èÈõ®„Å°„ÇÉ„Çì„Å™„ÇâÊèè„Åë„Çã„ÇàÔºÅÔºÅ( ^œâ^ )
„Åà„ÄÅ‰Ωï„Çí„Åä„Å£„Åó„ÇÉ„Çã„ÅÜ„Å°„ÅØÁ•û„Åß„ÅØ„Å™„ÅÑ„Åû(„Éª‚àÄ„Éª)
„ÇØ„É¢„Ç∏„É£„Ç≠„Éº„Å®„ÅãÊÑõ„Åß„Åó„ÅãÊèè„ÅÑ„Å¶„Å™„ÅÑ„Åã„Çâ„Åæ„Å†„Åæ„Å†„Å†„Çà„Éª„Éª„Éª
„Å†„Çà„Å≠ÔºÅÊ≥£„Åç„Åô„Åé„Å¶ÂÆ∂Êóè„Å´Á¨ë„Çè„Çå„Å°„ÇÉ„Å£„Åü„Çà ww
Ë¶ã„Å¶ÔºÅ‰∏ÄÁ∑í„Å´Ë™û„Çç„ÅÜ( ^œâ^ )"
0.0,NEW YORK Times,1.0,0.0,0.0,RT @eclecticbrotha: Let's see what the New York Times is up to today......oh f**k https://t.co/u2ERwe2KxT
0.5229,NEW YORK Times,0.856,0.0,0.144,"RT @ex0522_09: Xiumin's birthday ad in Times Square, New York! Thank you @xiuminbar üòç

ÎÑàÎ¨¥ÎÑàÎ¨¥ ÏÜåÏ§ëÌïú Ïö∞Î¶¨ ÎØºÏÑùÏïÑ ÏÉùÏùºÏ∂ïÌïòÌï¥!!  ‚ù§‚ù§‚ù§

@weareoneEXO #HappyXiu‚Ä¶"
0.0,NEW YORK Times,1.0,0.0,0.0,RT @ClintSmithIII: ‚ÄúA study of juvenile transfers to adult courts found that black juveniles were nearly two and a half times as likely as‚Ä¶
-0.2263,NEW YORK Times,0.84,0.16,0.0,#crimebake #domesticviolence #domestics Knowledge is power site:Reporter's ethics forgotten https://t.co/K6uH7W9yYP https://t.co/Kq2gyXXVT4
0.0,NEW YORK Times,1.0,0.0,0.0,"RT @TheStanEdit: Henry Cavill's 'tache has vacated, but Chris Evans has taken it in... What do you think?

(üì∏ ‚Äì New York Times) https://t.c‚Ä¶"
0.5229,NEW YORK Times,0.856,0.0,0.144,"RT @ex0522_09: Xiumin's birthday ad in Times Square, New York! Thank you @xiuminbar üòç

ÎÑàÎ¨¥ÎÑàÎ¨¥ ÏÜåÏ§ëÌïú Ïö∞Î¶¨ ÎØºÏÑùÏïÑ ÏÉùÏùºÏ∂ïÌïòÌï¥!!  ‚ù§‚ù§‚ù§

@weareoneEXO #HappyXiu‚Ä¶"
0.4404,NEW YORK Times,0.76,0.084,0.156,This is what the once great New York Times has turned into lower than the enquirer or people magazine I‚Äôm embarrass‚Ä¶ https://t.co/dn4nP1ScXO
0.0,NEW YORK Times,1.0,0.0,0.0,FOUND IN THE NEW YORK TIMES KIDS SECTION BOOK REVIEWS https://t.co/DYZGP8qLNj
0.0516,NEW YORK Times,0.893,0.0,0.107,RT @HaveNoLeader: Monuments of White Supremacy - The New York Times https://t.co/VkhF1vA0oE
0.5229,NEW YORK Times,0.856,0.0,0.144,"RT @ex0522_09: Xiumin's birthday ad in Times Square, New York! Thank you @xiuminbar üòç

ÎÑàÎ¨¥ÎÑàÎ¨¥ ÏÜåÏ§ëÌïú Ïö∞Î¶¨ ÎØºÏÑùÏïÑ ÏÉùÏùºÏ∂ïÌïòÌï¥!!  ‚ù§‚ù§‚ù§

@weareoneEXO #HappyXiu‚Ä¶"
0.0,NEW YORK Times,1.0,0.0,0.0,RT @eclecticbrotha: Let's see what the New York Times is up to today......oh f**k https://t.co/u2ERwe2KxT
0.5229,NEW YORK Times,0.856,0.0,0.144,"RT @ex0522_09: Xiumin's birthday ad in Times Square, New York! Thank you @xiuminbar üòç

ÎÑàÎ¨¥ÎÑàÎ¨¥ ÏÜåÏ§ëÌïú Ïö∞Î¶¨ ÎØºÏÑùÏïÑ ÏÉùÏùºÏ∂ïÌïòÌï¥!!  ‚ù§‚ù§‚ù§

@weareoneEXO #HappyXiu‚Ä¶"
0.0,NEW YORK Times,1.0,0.0,0.0,RT @ClintSmithIII: ‚ÄúA study of juvenile transfers to adult courts found that black juveniles were nearly two and a half times as likely as‚Ä¶
-0.2263,NEW YORK Times,0.84,0.16,0.0,#crimebake #domesticviolence #domestics Knowledge is power site:Reporter's ethics forgotten https://t.co/K6uH7W9yYP https://t.co/Kq2gyXXVT4
0.0,NEW YORK Times,1.0,0.0,0.0,"RT @TheStanEdit: Henry Cavill's 'tache has vacated, but Chris Evans has taken it in... What do you think?

(üì∏ ‚Äì New York Times) https://t.c‚Ä¶"
0.5229,NEW YORK Times,0.856,0.0,0.144,"RT @ex0522_09: Xiumin's birthday ad in Times Square, New York! Thank you @xiuminbar üòç

ÎÑàÎ¨¥ÎÑàÎ¨¥ ÏÜåÏ§ëÌïú Ïö∞Î¶¨ ÎØºÏÑùÏïÑ ÏÉùÏùºÏ∂ïÌïòÌï¥!!  ‚ù§‚ù§‚ù§

@weareoneEXO #HappyXiu‚Ä¶"
0.4404,NEW YORK Times,0.76,0.084,0.156,This is what the once great New York Times has turned into lower than the enquirer or people magazine I‚Äôm embarrass‚Ä¶ https://t.co/dn4nP1ScXO
0.0,NEW YORK Times,1.0,0.0,0.0,FOUND IN THE NEW YORK TIMES KIDS SECTION BOOK REVIEWS https://t.co/DYZGP8qLNj
0.0516,NEW YORK Times,0.893,0.0,0.107,RT @HaveNoLeader: Monuments of White Supremacy - The New York Times https://t.co/VkhF1vA0oE
0.5229,NEW YORK Times,0.856,0.0,0.144,"RT @ex0522_09: Xiumin's birthday ad in Times Square, New York! Thank you @xiuminbar üòç

ÎÑàÎ¨¥ÎÑàÎ¨¥ ÏÜåÏ§ëÌïú Ïö∞Î¶¨ ÎØºÏÑùÏïÑ ÏÉùÏùºÏ∂ïÌïòÌï¥!!  ‚ù§‚ù§‚ù§

@weareoneEXO #HappyXiu‚Ä¶"
0.0,NEW YORK Times,1.0,0.0,0.0,RT @eclecticbrotha: Let's see what the New York Times is up to today......oh f**k https://t.co/u2ERwe2KxT
0.5229,NEW YORK Times,0.856,0.0,0.144,"RT @ex0522_09: Xiumin's birthday ad in Times Square, New York! Thank you @xiuminbar üòç

ÎÑàÎ¨¥ÎÑàÎ¨¥ ÏÜåÏ§ëÌïú Ïö∞Î¶¨ ÎØºÏÑùÏïÑ ÏÉùÏùºÏ∂ïÌïòÌï¥!!  ‚ù§‚ù§‚ù§

@weareoneEXO #HappyXiu‚Ä¶"
0.0,NEW YORK Times,1.0,0.0,0.0,RT @ClintSmithIII: ‚ÄúA study of juvenile transfers to adult courts found that black juveniles were nearly two and a half times as likely as‚Ä¶
-0.2263,NEW YORK Times,0.84,0.16,0.0,#crimebake #domesticviolence #domestics Knowledge is power site:Reporter's ethics forgotten https://t.co/K6uH7W9yYP https://t.co/Kq2gyXXVT4
0.0,NEW YORK Times,1.0,0.0,0.0,"RT @TheStanEdit: Henry Cavill's 'tache has vacated, but Chris Evans has taken it in... What do you think?

(üì∏ ‚Äì New York Times) https://t.c‚Ä¶"
0.5229,NEW YORK Times,0.856,0.0,0.144,"RT @ex0522_09: Xiumin's birthday ad in Times Square, New York! Thank you @xiuminbar üòç

ÎÑàÎ¨¥ÎÑàÎ¨¥ ÏÜåÏ§ëÌïú Ïö∞Î¶¨ ÎØºÏÑùÏïÑ ÏÉùÏùºÏ∂ïÌïòÌï¥!!  ‚ù§‚ù§‚ù§

@weareoneEXO #HappyXiu‚Ä¶"
0.4404,NEW YORK Times,0.76,0.084,0.156,This is what the once great New York Times has turned into lower than the enquirer or people magazine I‚Äôm embarrass‚Ä¶ https://t.co/dn4nP1ScXO
0.0,NEW YORK Times,1.0,0.0,0.0,FOUND IN THE NEW YORK TIMES KIDS SECTION BOOK REVIEWS https://t.co/DYZGP8qLNj
0.0516,NEW YORK Times,0.893,0.0,0.107,RT @HaveNoLeader: Monuments of White Supremacy - The New York Times https://t.co/VkhF1vA0oE
0.5229,NEW YORK Times,0.856,0.0,0.144,"RT @ex0522_09: Xiumin's birthday ad in Times Square, New York! Thank you @xiuminbar üòç

ÎÑàÎ¨¥ÎÑàÎ¨¥ ÏÜåÏ§ëÌïú Ïö∞Î¶¨ ÎØºÏÑùÏïÑ ÏÉùÏùºÏ∂ïÌïòÌï¥!!  ‚ù§‚ù§‚ù§

@weareoneEXO #HappyXiu‚Ä¶"
0.0,NEW YORK Times,1.0,0.0,0.0,RT @eclecticbrotha: Let's see what the New York Times is up to today......oh f**k https://t.co/u2ERwe2KxT
0.5229,NEW YORK Times,0.856,0.0,0.144,"RT @ex0522_09: Xiumin's birthday ad in Times Square, New York! Thank you @xiuminbar üòç

ÎÑàÎ¨¥ÎÑàÎ¨¥ ÏÜåÏ§ëÌïú Ïö∞Î¶¨ ÎØºÏÑùÏïÑ ÏÉùÏùºÏ∂ïÌïòÌï¥!!  ‚ù§‚ù§‚ù§

@weareoneEXO #HappyXiu‚Ä¶"
0.0,NEW YORK Times,1.0,0.0,0.0,RT @ClintSmithIII: ‚ÄúA study of juvenile transfers to adult courts found that black juveniles were nearly two and a half times as likely as‚Ä¶
-0.2263,NEW YORK Times,0.84,0.16,0.0,#crimebake #domesticviolence #domestics Knowledge is power site:Reporter's ethics forgotten https://t.co/K6uH7W9yYP https://t.co/Kq2gyXXVT4
0.0,NEW YORK Times,1.0,0.0,0.0,"RT @TheStanEdit: Henry Cavill's 'tache has vacated, but Chris Evans has taken it in... What do you think?

(üì∏ ‚Äì New York Times) https://t.c‚Ä¶"
0.5229,NEW YORK Times,0.856,0.0,0.144,"RT @ex0522_09: Xiumin's birthday ad in Times Square, New York! Thank you @xiuminbar üòç

ÎÑàÎ¨¥ÎÑàÎ¨¥ ÏÜåÏ§ëÌïú Ïö∞Î¶¨ ÎØºÏÑùÏïÑ ÏÉùÏùºÏ∂ïÌïòÌï¥!!  ‚ù§‚ù§‚ù§

@weareoneEXO #HappyXiu‚Ä¶"
0.4404,NEW YORK Times,0.76,0.084,0.156,This is what the once great New York Times has turned into lower than the enquirer or people magazine I‚Äôm embarrass‚Ä¶ https://t.co/dn4nP1ScXO
0.0,NEW YORK Times,1.0,0.0,0.0,FOUND IN THE NEW YORK TIMES KIDS SECTION BOOK REVIEWS https://t.co/DYZGP8qLNj
0.0516,NEW YORK Times,0.893,0.0,0.107,RT @HaveNoLeader: Monuments of White Supremacy - The New York Times https://t.co/VkhF1vA0oE
0.5229,NEW YORK Times,0.856,0.0,0.144,"RT @ex0522_09: Xiumin's birthday ad in Times Square, New York! Thank you @xiuminbar üòç

ÎÑàÎ¨¥ÎÑàÎ¨¥ ÏÜåÏ§ëÌïú Ïö∞Î¶¨ ÎØºÏÑùÏïÑ ÏÉùÏùºÏ∂ïÌïòÌï¥!!  ‚ù§‚ù§‚ù§

@weareoneEXO #HappyXiu‚Ä¶"
0.0,NEW YORK Times,1.0,0.0,0.0,RT @eclecticbrotha: Let's see what the New York Times is up to today......oh f**k https://t.co/u2ERwe2KxT
0.5229,NEW YORK Times,0.856,0.0,0.144,"RT @ex0522_09: Xiumin's birthday ad in Times Square, New York! Thank you @xiuminbar üòç

ÎÑàÎ¨¥ÎÑàÎ¨¥ ÏÜåÏ§ëÌïú Ïö∞Î¶¨ ÎØºÏÑùÏïÑ ÏÉùÏùºÏ∂ïÌïòÌï¥!!  ‚ù§‚ù§‚ù§

@weareoneEXO #HappyXiu‚Ä¶"
0.0,NEW YORK Times,1.0,0.0,0.0,RT @ClintSmithIII: ‚ÄúA study of juvenile transfers to adult courts found that black juveniles were nearly two and a half times as likely as‚Ä¶
-0.2263,NEW YORK Times,0.84,0.16,0.0,#crimebake #domesticviolence #domestics Knowledge is power site:Reporter's ethics forgotten https://t.co/K6uH7W9yYP https://t.co/Kq2gyXXVT4
0.0,NEW YORK Times,1.0,0.0,0.0,"RT @TheStanEdit: Henry Cavill's 'tache has vacated, but Chris Evans has taken it in... What do you think?

(üì∏ ‚Äì New York Times) https://t.c‚Ä¶"
0.5229,NEW YORK Times,0.856,0.0,0.144,"RT @ex0522_09: Xiumin's birthday ad in Times Square, New York! Thank you @xiuminbar üòç

ÎÑàÎ¨¥ÎÑàÎ¨¥ ÏÜåÏ§ëÌïú Ïö∞Î¶¨ ÎØºÏÑùÏïÑ ÏÉùÏùºÏ∂ïÌïòÌï¥!!  ‚ù§‚ù§‚ù§

@weareoneEXO #HappyXiu‚Ä¶"
0.4404,NEW YORK Times,0.76,0.084,0.156,This is what the once great New York Times has turned into lower than the enquirer or people magazine I‚Äôm embarrass‚Ä¶ https://t.co/dn4nP1ScXO
0.0,NEW YORK Times,1.0,0.0,0.0,FOUND IN THE NEW YORK TIMES KIDS SECTION BOOK REVIEWS https://t.co/DYZGP8qLNj
0.0516,NEW YORK Times,0.893,0.0,0.107,RT @HaveNoLeader: Monuments of White Supremacy - The New York Times https://t.co/VkhF1vA0oE
0.5229,NEW YORK Times,0.856,0.0,0.144,"RT @ex0522_09: Xiumin's birthday ad in Times Square, New York! Thank you @xiuminbar üòç

ÎÑàÎ¨¥ÎÑàÎ¨¥ ÏÜåÏ§ëÌïú Ïö∞Î¶¨ ÎØºÏÑùÏïÑ ÏÉùÏùºÏ∂ïÌïòÌï¥!!  ‚ù§‚ù§‚ù§

@weareoneEXO #HappyXiu‚Ä¶"
0.0,NEW YORK Times,1.0,0.0,0.0,RT @eclecticbrotha: Let's see what the New York Times is up to today......oh f**k https://t.co/u2ERwe2KxT
0.5229,NEW YORK Times,0.856,0.0,0.144,"RT @ex0522_09: Xiumin's birthday ad in Times Square, New York! Thank you @xiuminbar üòç

ÎÑàÎ¨¥ÎÑàÎ¨¥ ÏÜåÏ§ëÌïú Ïö∞Î¶¨ ÎØºÏÑùÏïÑ ÏÉùÏùºÏ∂ïÌïòÌï¥!!  ‚ù§‚ù§‚ù§

@weareoneEXO #HappyXiu‚Ä¶"
0.0,NEW YORK Times,1.0,0.0,0.0,RT @ClintSmithIII: ‚ÄúA study of juvenile transfers to adult courts found that black juveniles were nearly two and a half times as likely as‚Ä¶
-0.2263,NEW YORK Times,0.84,0.16,0.0,#crimebake #domesticviolence #domestics Knowledge is power site:Reporter's ethics forgotten https://t.co/K6uH7W9yYP https://t.co/Kq2gyXXVT4
0.0,NEW YORK Times,1.0,0.0,0.0,"RT @TheStanEdit: Henry Cavill's 'tache has vacated, but Chris Evans has taken it in... What do you think?

(üì∏ ‚Äì New York Times) https://t.c‚Ä¶"
0.5229,NEW YORK Times,0.856,0.0,0.144,"RT @ex0522_09: Xiumin's birthday ad in Times Square, New York! Thank you @xiuminbar üòç

ÎÑàÎ¨¥ÎÑàÎ¨¥ ÏÜåÏ§ëÌïú Ïö∞Î¶¨ ÎØºÏÑùÏïÑ ÏÉùÏùºÏ∂ïÌïòÌï¥!!  ‚ù§‚ù§‚ù§

@weareoneEXO #HappyXiu‚Ä¶"
0.4404,NEW YORK Times,0.76,0.084,0.156,This is what the once great New York Times has turned into lower than the enquirer or people magazine I‚Äôm embarrass‚Ä¶ https://t.co/dn4nP1ScXO
0.0,NEW YORK Times,1.0,0.0,0.0,FOUND IN THE NEW YORK TIMES KIDS SECTION BOOK REVIEWS https://t.co/DYZGP8qLNj
0.0516,NEW YORK Times,0.893,0.0,0.107,RT @HaveNoLeader: Monuments of White Supremacy - The New York Times https://t.co/VkhF1vA0oE
0.5229,NEW YORK Times,0.856,0.0,0.144,"RT @ex0522_09: Xiumin's birthday ad in Times Square, New York! Thank you @xiuminbar üòç

ÎÑàÎ¨¥ÎÑàÎ¨¥ ÏÜåÏ§ëÌïú Ïö∞Î¶¨ ÎØºÏÑùÏïÑ ÏÉùÏùºÏ∂ïÌïòÌï¥!!  ‚ù§‚ù§‚ù§

@weareoneEXO #HappyXiu‚Ä¶"
0.0,NEW YORK Times,1.0,0.0,0.0,RT @eclecticbrotha: Let's see what the New York Times is up to today......oh f**k https://t.co/u2ERwe2KxT
0.5229,NEW YORK Times,0.856,0.0,0.144,"RT @ex0522_09: Xiumin's birthday ad in Times Square, New York! Thank you @xiuminbar üòç

ÎÑàÎ¨¥ÎÑàÎ¨¥ ÏÜåÏ§ëÌïú Ïö∞Î¶¨ ÎØºÏÑùÏïÑ ÏÉùÏùºÏ∂ïÌïòÌï¥!!  ‚ù§‚ù§‚ù§

@weareoneEXO #HappyXiu‚Ä¶"
0.0,NEW YORK Times,1.0,0.0,0.0,RT @ClintSmithIII: ‚ÄúA study of juvenile transfers to adult courts found that black juveniles were nearly two and a half times as likely as‚Ä¶
-0.2263,NEW YORK Times,0.84,0.16,0.0,#crimebake #domesticviolence #domestics Knowledge is power site:Reporter's ethics forgotten https://t.co/K6uH7W9yYP https://t.co/Kq2gyXXVT4
0.0,NEW YORK Times,1.0,0.0,0.0,"RT @TheStanEdit: Henry Cavill's 'tache has vacated, but Chris Evans has taken it in... What do you think?

(üì∏ ‚Äì New York Times) https://t.c‚Ä¶"
0.5229,NEW YORK Times,0.856,0.0,0.144,"RT @ex0522_09: Xiumin's birthday ad in Times Square, New York! Thank you @xiuminbar üòç

ÎÑàÎ¨¥ÎÑàÎ¨¥ ÏÜåÏ§ëÌïú Ïö∞Î¶¨ ÎØºÏÑùÏïÑ ÏÉùÏùºÏ∂ïÌïòÌï¥!!  ‚ù§‚ù§‚ù§

@weareoneEXO #HappyXiu‚Ä¶"
0.4404,NEW YORK Times,0.76,0.084,0.156,This is what the once great New York Times has turned into lower than the enquirer or people magazine I‚Äôm embarrass‚Ä¶ https://t.co/dn4nP1ScXO
0.0,NEW YORK Times,1.0,0.0,0.0,FOUND IN THE NEW YORK TIMES KIDS SECTION BOOK REVIEWS https://t.co/DYZGP8qLNj
0.0516,NEW YORK Times,0.893,0.0,0.107,RT @HaveNoLeader: Monuments of White Supremacy - The New York Times https://t.co/VkhF1vA0oE
0.5229,NEW YORK Times,0.856,0.0,0.144,"RT @ex0522_09: Xiumin's birthday ad in Times Square, New York! Thank you @xiuminbar üòç

ÎÑàÎ¨¥ÎÑàÎ¨¥ ÏÜåÏ§ëÌïú Ïö∞Î¶¨ ÎØºÏÑùÏïÑ ÏÉùÏùºÏ∂ïÌïòÌï¥!!  ‚ù§‚ù§‚ù§

@weareoneEXO #HappyXiu‚Ä¶"
0.0,NEW YORK Times,1.0,0.0,0.0,RT @eclecticbrotha: Let's see what the New York Times is up to today......oh f**k https://t.co/u2ERwe2KxT
0.5229,NEW YORK Times,0.856,0.0,0.144,"RT @ex0522_09: Xiumin's birthday ad in Times Square, New York! Thank you @xiuminbar üòç

ÎÑàÎ¨¥ÎÑàÎ¨¥ ÏÜåÏ§ëÌïú Ïö∞Î¶¨ ÎØºÏÑùÏïÑ ÏÉùÏùºÏ∂ïÌïòÌï¥!!  ‚ù§‚ù§‚ù§

@weareoneEXO #HappyXiu‚Ä¶"
0.0,NEW YORK Times,1.0,0.0,0.0,RT @ClintSmithIII: ‚ÄúA study of juvenile transfers to adult courts found that black juveniles were nearly two and a half times as likely as‚Ä¶
-0.2263,NEW YORK Times,0.84,0.16,0.0,#crimebake #domesticviolence #domestics Knowledge is power site:Reporter's ethics forgotten https://t.co/K6uH7W9yYP https://t.co/Kq2gyXXVT4
0.0,NEW YORK Times,1.0,0.0,0.0,"RT @TheStanEdit: Henry Cavill's 'tache has vacated, but Chris Evans has taken it in... What do you think?

(üì∏ ‚Äì New York Times) https://t.c‚Ä¶"
0.5229,NEW YORK Times,0.856,0.0,0.144,"RT @ex0522_09: Xiumin's birthday ad in Times Square, New York! Thank you @xiuminbar üòç

ÎÑàÎ¨¥ÎÑàÎ¨¥ ÏÜåÏ§ëÌïú Ïö∞Î¶¨ ÎØºÏÑùÏïÑ ÏÉùÏùºÏ∂ïÌïòÌï¥!!  ‚ù§‚ù§‚ù§

@weareoneEXO #HappyXiu‚Ä¶"
0.4404,NEW YORK Times,0.76,0.084,0.156,This is what the once great New York Times has turned into lower than the enquirer or people magazine I‚Äôm embarrass‚Ä¶ https://t.co/dn4nP1ScXO
0.0,NEW YORK Times,1.0,0.0,0.0,FOUND IN THE NEW YORK TIMES KIDS SECTION BOOK REVIEWS https://t.co/DYZGP8qLNj
0.0516,NEW YORK Times,0.893,0.0,0.107,RT @HaveNoLeader: Monuments of White Supremacy - The New York Times https://t.co/VkhF1vA0oE
0.5229,NEW YORK Times,0.856,0.0,0.144,"RT @ex0522_09: Xiumin's birthday ad in Times Square, New York! Thank you @xiuminbar üòç

ÎÑàÎ¨¥ÎÑàÎ¨¥ ÏÜåÏ§ëÌïú Ïö∞Î¶¨ ÎØºÏÑùÏïÑ ÏÉùÏùºÏ∂ïÌïòÌï¥!!  ‚ù§‚ù§‚ù§

@weareoneEXO #HappyXiu‚Ä¶"
0.0,NEW YORK Times,1.0,0.0,0.0,RT @eclecticbrotha: Let's see what the New York Times is up to today......oh f**k https://t.co/u2ERwe2KxT
0.5229,NEW YORK Times,0.856,0.0,0.144,"RT @ex0522_09: Xiumin's birthday ad in Times Square, New York! Thank you @xiuminbar üòç

ÎÑàÎ¨¥ÎÑàÎ¨¥ ÏÜåÏ§ëÌïú Ïö∞Î¶¨ ÎØºÏÑùÏïÑ ÏÉùÏùºÏ∂ïÌïòÌï¥!!  ‚ù§‚ù§‚ù§

@weareoneEXO #HappyXiu‚Ä¶"
0.0,NEW YORK Times,1.0,0.0,0.0,RT @ClintSmithIII: ‚ÄúA study of juvenile transfers to adult courts found that black juveniles were nearly two and a half times as likely as‚Ä¶
-0.2263,NEW YORK Times,0.84,0.16,0.0,#crimebake #domesticviolence #domestics Knowledge is power site:Reporter's ethics forgotten https://t.co/K6uH7W9yYP https://t.co/Kq2gyXXVT4
0.0,NEW YORK Times,1.0,0.0,0.0,"RT @TheStanEdit: Henry Cavill's 'tache has vacated, but Chris Evans has taken it in... What do you think?

(üì∏ ‚Äì New York Times) https://t.c‚Ä¶"
0.5229,NEW YORK Times,0.856,0.0,0.144,"RT @ex0522_09: Xiumin's birthday ad in Times Square, New York! Thank you @xiuminbar üòç

ÎÑàÎ¨¥ÎÑàÎ¨¥ ÏÜåÏ§ëÌïú Ïö∞Î¶¨ ÎØºÏÑùÏïÑ ÏÉùÏùºÏ∂ïÌïòÌï¥!!  ‚ù§‚ù§‚ù§

@weareoneEXO #HappyXiu‚Ä¶"
0.4404,NEW YORK Times,0.76,0.084,0.156,This is what the once great New York Times has turned into lower than the enquirer or people magazine I‚Äôm embarrass‚Ä¶ https://t.co/dn4nP1ScXO
0.0,NEW YORK Times,1.0,0.0,0.0,FOUND IN THE NEW YORK TIMES KIDS SECTION BOOK REVIEWS https://t.co/DYZGP8qLNj
0.0516,NEW YORK Times,0.893,0.0,0.107,RT @HaveNoLeader: Monuments of White Supremacy - The New York Times https://t.co/VkhF1vA0oE
0.5229,NEW YORK Times,0.856,0.0,0.144,"RT @ex0522_09: Xiumin's birthday ad in Times Square, New York! Thank you @xiuminbar üòç

ÎÑàÎ¨¥ÎÑàÎ¨¥ ÏÜåÏ§ëÌïú Ïö∞Î¶¨ ÎØºÏÑùÏïÑ ÏÉùÏùºÏ∂ïÌïòÌï¥!!  ‚ù§‚ù§‚ù§

@weareoneEXO #HappyXiu‚Ä¶"
0.0,NEW YORK Times,1.0,0.0,0.0,RT @eclecticbrotha: Let's see what the New York Times is up to today......oh f**k https://t.co/u2ERwe2KxT
0.5229,NEW YORK Times,0.856,0.0,0.144,"RT @ex0522_09: Xiumin's birthday ad in Times Square, New York! Thank you @xiuminbar üòç

ÎÑàÎ¨¥ÎÑàÎ¨¥ ÏÜåÏ§ëÌïú Ïö∞Î¶¨ ÎØºÏÑùÏïÑ ÏÉùÏùºÏ∂ïÌïòÌï¥!!  ‚ù§‚ù§‚ù§

@weareoneEXO #HappyXiu‚Ä¶"
0.0,NEW YORK Times,1.0,0.0,0.0,RT @ClintSmithIII: ‚ÄúA study of juvenile transfers to adult courts found that black juveniles were nearly two and a half times as likely as‚Ä¶
-0.2263,NEW YORK Times,0.84,0.16,0.0,#crimebake #domesticviolence #domestics Knowledge is power site:Reporter's ethics forgotten https://t.co/K6uH7W9yYP https://t.co/Kq2gyXXVT4
0.0,NEW YORK Times,1.0,0.0,0.0,"RT @TheStanEdit: Henry Cavill's 'tache has vacated, but Chris Evans has taken it in... What do you think?

(üì∏ ‚Äì New York Times) https://t.c‚Ä¶"
0.5229,NEW YORK Times,0.856,0.0,0.144,"RT @ex0522_09: Xiumin's birthday ad in Times Square, New York! Thank you @xiuminbar üòç

ÎÑàÎ¨¥ÎÑàÎ¨¥ ÏÜåÏ§ëÌïú Ïö∞Î¶¨ ÎØºÏÑùÏïÑ ÏÉùÏùºÏ∂ïÌïòÌï¥!!  ‚ù§‚ù§‚ù§

@weareoneEXO #HappyXiu‚Ä¶"
0.4404,NEW YORK Times,0.76,0.084,0.156,This is what the once great New York Times has turned into lower than the enquirer or people magazine I‚Äôm embarrass‚Ä¶ https://t.co/dn4nP1ScXO
0.0,NEW YORK Times,1.0,0.0,0.0,FOUND IN THE NEW YORK TIMES KIDS SECTION BOOK REVIEWS https://t.co/DYZGP8qLNj
0.0516,NEW YORK Times,0.893,0.0,0.107,RT @HaveNoLeader: Monuments of White Supremacy - The New York Times https://t.co/VkhF1vA0oE
0.5229,NEW YORK Times,0.856,0.0,0.144,"RT @ex0522_09: Xiumin's birthday ad in Times Square, New York! Thank you @xiuminbar üòç

ÎÑàÎ¨¥ÎÑàÎ¨¥ ÏÜåÏ§ëÌïú Ïö∞Î¶¨ ÎØºÏÑùÏïÑ ÏÉùÏùºÏ∂ïÌïòÌï¥!!  ‚ù§‚ù§‚ù§

@weareoneEXO #HappyXiu‚Ä¶"
